url,id,image_name,link
https://img.faballey.com/Images/Product/TOP05105Z/1.jpg,TOP05105Z,Navy Strappy Smocked Top ,https://www.faballey.com/navy-strappy-smocked-top-78/prdt
https://img.faballey.com/Images/Product/TOP05205Z/1.jpg,TOP05205Z,Powder Blue Gathered Peplum Top,https://www.faballey.com/powder-blue-gathered-peplum-top-78/prdt
https://img.faballey.com/Images/Product/TOP05101Z/1.jpg,TOP05101Z,Navy Frilled Top,https://www.faballey.com/navy-frilled-top-78/prdt
https://img.faballey.com/Images/Product/TOP05132Z/1.jpg,TOP05132Z,Powder Blue Jersey High Neck Top ,https://www.faballey.com/powder-blue-jersey-high-neck-top-78/prdt
https://img.faballey.com/Images/Product/TOP05211Z/1.jpg,TOP05211Z,White Blue Floral Ruffle Sleeve Peplum Top ,https://www.faballey.com/white-blue-floral-ruffle-sleeve-peplum-top-78/prdt
https://img.faballey.com/Images/Product/TOP05131Z/1.jpg,TOP05131Z,Navy Jersey High Neck Top,https://www.faballey.com/navy-jersey-high-neck-top-78/prdt
https://img.faballey.com/Images/Product/TOP05150Z/1.jpg,TOP05150Z,Powder Blue Scoop Neck Knit Top,https://www.faballey.com/powder-blue-scoop-neck-knit-top-78/prdt
https://img.faballey.com/Images/Product/TOP04939Z/1.jpg,TOP04939Z,Blue Pin Stripe Dobby High Neck Top,https://www.faballey.com/blue-pin-stripe-dobby-high-neck-top-78/prdt
https://img.faballey.com/Images/Product/TOP05067Z/1.jpg,TOP05067Z,Blue Floral Belted Blouse,https://www.faballey.com/blue-floral-belted-blouse-78/prdt
https://img.faballey.com/Images/Product/TOP05199Z/1.jpg,TOP05199Z,Pink Blue Ruffled High Neck Blouse,https://www.faballey.com/pink-blue-ruffled-high-neck-blouse-78/prdt
https://img.faballey.com/Images/Product/TOP05141Z/1.jpg,TOP05141Z,Navy Frilled Shoulder Knit Top,https://www.faballey.com/navy-frilled-shoulder-knit-top-78/prdt
https://img.faballey.com/Images/Product/TOP05240Z/1.jpg,TOP05240Z,Light Blue Pleated Halter Neck Top ,https://www.faballey.com/light-blue-pleated-halter-neck-top-78/prdt
https://img.faballey.com/Images/Product/TOP05114Z/1.jpg,TOP05114Z,Navy V-Neck Peplum Top ,https://www.faballey.com/navy-v-neck-peplum-top-78/prdt
https://img.faballey.com/Images/Product/TOP05049Z/1.jpg,TOP05049Z,Powder Blue Wrap Crop Top,https://www.faballey.com/powder-blue-wrap-crop-top-78/prdt
https://img.faballey.com/Images/Product/TOP05147Z/1.jpg,TOP05147Z,Navy Self Tie Belted Knit Top,https://www.faballey.com/navy-self-tie-belted-knit-top-78/prdt
https://img.faballey.com/Images/Product/TOP05083Z/1.jpg,TOP05083Z,Navy Striped Puff Sleeve Top,https://www.faballey.com/navy-white-stripe-round-neck-top-78/prdt
https://img.faballey.com/Images/Product/TOP04877Z/1.jpg,TOP04877Z,Navy Puff Sleeve Button Down Blouse ,https://www.faballey.com/navy-puff-sleeve-button-down-blouse-78/prdt
https://img.faballey.com/Images/Product/TOP04968Z/1.jpg,TOP04968Z,Navy Embellished Peplum Top ,https://www.faballey.com/navy-embellished-peplum-top-78/prdt
https://img.faballey.com/Images/Product/TOP04971Z/1.jpg,TOP04971Z,Navy Buckle Belted Puff Sleeve Top ,https://www.faballey.com/navy-buckle-belted-puff-sleeve-top-78/prdt
https://img.faballey.com/Images/Product/TOP04975Z/1.jpg,TOP04975Z,Navy Mesh Top with Camisole ,https://www.faballey.com/navy-mesh-top-with-camisole-78/prdt
https://img.faballey.com/Images/Product/TOP04979Z/1.jpg,TOP04979Z,Blue Back Tie Classic Top ,https://www.faballey.com/blue-back-tie-classic-top-78/prdt
https://img.faballey.com/Images/Product/TOP05106Z/1.jpg,TOP05106Z,Blue Grey Side Tie Top ,https://www.faballey.com/blue-grey-side-tie-top-78/prdt
https://img.faballey.com/Images/Product/TOP04703Z/1.jpg,TOP04703Z,Powder Blue Lace High Neck Top ,https://www.faballey.com/powder-blue-lace-high-neck-top-78/prdt
https://img.faballey.com/Images/Product/TOP04915Z/1.jpg,TOP04915Z,Blue Floral Front Tie Blouse ,https://www.faballey.com/blue-floral-front-tie-blouse-78/prdt
https://img.faballey.com/Images/Product/TOP04494Z/1.jpg,TOP04494Z,Blue Striped Puff Shoulder Belted Wrap Top,https://www.faballey.com/blue-striped-puff-shoulder-belted-wrap-top-78/prdt
https://img.faballey.com/Images/Product/TOP04583Z/1.jpg,TOP04583Z,Navy Stripe Belted Halter Wrap Top ,https://www.faballey.com/navy-stripe-belted-halter-wrap-top-78/prdt
https://img.faballey.com/Images/Product/TOP04533Z/1.jpg,TOP04533Z,Blue Grey Floral Belted Blouse ,https://www.faballey.com/blue-grey-floral-belted-blouse-78/prdt
https://img.faballey.com/Images/Product/TOP04630Z/1.jpg,TOP04630Z,Blue White Striped Crop Top ,https://www.faballey.com/blue-white-striped-crop-top-78/prdt
https://img.faballey.com/Images/Product/TOP04495Z/1.jpg,TOP04495Z,Blue Chambray Polka Puff Sleeve Belted Top ,https://www.faballey.com/blue-chambray-polka-puff-sleeve-belted-top-78/prdt
https://img.faballey.com/Images/Product/TOP04567Z/1.jpg,TOP04567Z,Pastel Blue Embroidered Cami Top ,https://www.faballey.com/pastel-blue-embroidered-cami-top-78/prdt
https://img.faballey.com/Images/Product/TOP04531Z/1.jpg,TOP04531Z,Pastel Blue Floral Trim Detail Blouse ,https://www.faballey.com/pastel-blue-floral-trim-detail-blouse-78/prdt
https://img.faballey.com/Images/Product/TOP04590Z/1.jpg,TOP04590Z,Powder Blue Lace Ruffled Halter Top ,https://www.faballey.com/powder-blue-lace-ruffled-halter-top-78/prdt
https://img.faballey.com/Images/Product/TOP04497Z/1.jpg,TOP04497Z,Navy Striped Ruffled Sleeve Blouse ,https://www.faballey.com/navy-striped-ruffled-sleeve-blouse-78/prdt
https://img.faballey.com/Images/Product/TOP04600Z/1.jpg,TOP04600Z,Blue Floral KnottedHalter Top ,https://www.faballey.com/blue-floral-knottedhalter-top-78/prdt
https://img.faballey.com/Images/Product/TOP04652Z/1.jpg,TOP04652Z,CLASSICS Blue Pleated Sleeveless Blouse,https://www.faballey.com/classics-blue-pleated-sleeveless-blouse-78/prdt
https://img.faballey.com/Images/Product/TOP04824Z/1.jpg,TOP04824Z,Grey Blue Buckle Belted Top ,https://www.faballey.com/grey-blue-buckle-belted-top-78/prdt
https://img.faballey.com/Images/Product/TOP04493Z/1.jpg,TOP04493Z,Grey Floral Ruffled Cold Shoulder Top ,https://www.faballey.com/grey-floral-ruffled-cold-shoulder-top-78/prdt
https://img.faballey.com/Images/Product/TOP04528Z/1.jpg,TOP04528Z,Aqua Blue Polka Shirt,https://www.faballey.com/aqua-blue-polka-shirt-78/prdt
https://img.faballey.com/Images/Product/TOP04389Z/1.jpg,TOP04389Z,Blue Front Knot Top ,https://www.faballey.com/blue-front-knot-top-78/prdt
https://img.faballey.com/Images/Product/TOP04268Z/1.jpg,TOP04268Z,Navy High Neck Pleated Top,https://www.faballey.com/navy-high-neck-pleated-top-78/prdt
https://img.faballey.com/Images/Product/TOP04380Z/1.jpg,TOP04380Z,Navy Chevron Knotted Top,https://www.faballey.com/navy-chevron-knotted-top-78/prdt
https://img.faballey.com/Images/Product/TOP04475Z/1.jpg,TOP04475Z,Navy  Satin Flared Sleeve Blouse ,https://www.faballey.com/navy--satin-flared-sleeve-blouse-78/prdt
https://img.faballey.com/Images/Product/TOP04425Z/1.jpg,TOP04425Z,Blue Side Tie Top,https://www.faballey.com/grey-side-tie-top-78/prdt
https://img.faballey.com/Images/Product/TOP04284Z/1.jpg,TOP04284Z,Navy Checked Off Shoulder Belted Top,https://www.faballey.com/navy-checked-off-shoulder-belted-top-78/prdt
https://img.faballey.com/Images/Product/TOP04396Z/1.jpg,TOP04396Z,Blue Pin Striped Off Shoulder Shirt ,https://www.faballey.com/blue-pin-striped-off-shoulder-shirt-78/prdt
https://img.faballey.com/Images/Product/TOP04398Z/1.jpg,TOP04398Z,Navy High Neck Long Tee ,https://www.faballey.com/navy-high-neck-long-tee-78/prdt
https://img.faballey.com/Images/Product/TOP04305Z/1.jpg,TOP04305Z,Navy Laser Cut Front Top ,https://www.faballey.com/navy-laser-cut-front-top-78/prdt
https://img.faballey.com/Images/Product/TOP04294Z/1.jpg,TOP04294Z,Blue Floral Shoulder Tie Top,https://www.faballey.com/blue-floral-shoulder-tie-top-78/prdt
https://img.faballey.com/Images/Product/TOP05152Z/1.jpg,TOP05152Z,Black White Polka Ruched Crop Top,https://www.faballey.com/black-white-polka-ruched-crop-top-78/prdt
https://img.faballey.com/Images/Product/TOP05136Z/1.jpg,TOP05136Z,Black Puff Sleeve Knit Top,https://www.faballey.com/black-puff-sleeve-knit-top-78/prdt
https://img.faballey.com/Images/Product/TOP05140Z/1.jpg,TOP05140Z,Black Square Neck Knit Top,https://www.faballey.com/black-square-neck-knit-top-78/prdt
https://img.faballey.com/Images/Product/TOP05095Z/1.jpg,TOP05095Z,Black Floral Tie Up Top,https://www.faballey.com/black-floral-tie-up-top-78/prdt
https://img.faballey.com/Images/Product/TOP05080Z/1.jpg,TOP05080Z,Black Botanical Halter Top ,https://www.faballey.com/black-botanical-halter-top-78/prdt
https://img.faballey.com/Images/Product/TOP05149Z/1.jpg,TOP05149Z,Black Gathered Wrap Knit Top ,https://www.faballey.com/black-gathered-wrap-knit-top-78/prdt
https://img.faballey.com/Images/Product/TOP05063Z/1.jpg,TOP05063Z,Black Ditsy Floral Buttoned Trim Detail Top ,https://www.faballey.com/black-ditsy-floral-buttoned-trim-detail-top-78/prdt
https://img.faballey.com/Images/Product/TOP04963Z/1.jpg,TOP04963Z,Black Lace Ruffled Halter Top ,https://www.faballey.com/black-lace-ruffled-halter-top-78/prdt
https://img.faballey.com/Images/Product/TOP04908Z/1.jpg,TOP04908Z,Black Poplin Short Sleeve Kimono Top,https://www.faballey.com/black-poplin-short-sleeve-kimono-top-78/prdt
https://img.faballey.com/Images/Product/TOP04911Z/1.jpg,TOP04911Z,Black Jersey Tank Top,https://www.faballey.com/black-jersey-tanktop-78/prdt
https://img.faballey.com/Images/Product/TOP04483Z/1.jpg,TOP04483Z,Black Ditsy Floral Frill Neck Blouse ,https://www.faballey.com/black-ditsy-floral-frill-neck-blouse-78/prdt
https://img.faballey.com/Images/Product/TOP04657Z/1.jpg,TOP04657Z,Black Jersey Tank Top ,https://www.faballey.com/black-jersey-tank-top-78/prdt
https://img.faballey.com/Images/Product/TOP04667Z/1.jpg,TOP04667Z,Black Ditsy Floral Bardot Crop Top ,https://www.faballey.com/black-ditsy-floral-bardot-crop-top-78/prdt
https://img.faballey.com/Images/Product/TOP04326Z/1.jpg,TOP04326Z,Yellow Striped Horn Ring Cami Top,https://www.faballey.com/yellow-striped-horn-ring-cami-top-78/prdt
https://img.faballey.com/Images/Product/TOP04426Z/1.jpg,TOP04426Z,Black Halter Neck Tie Up Top,https://www.faballey.com/black-halter-neck-tie-up-top-78/prdt
https://img.faballey.com/Images/Product/TOP04258Z/1.jpg,TOP04258Z,Black Gingham Lapel Top,https://www.faballey.com/black-gingham-lapel-top-78/prdt
https://img.faballey.com/Images/Product/TOP04334Z/1.jpg,TOP04334Z,Black Embellished Neck Layered Top ,https://www.faballey.com/black-embellished-neck-layered-top-78/prdt
https://img.faballey.com/Images/Product/TOP04440Z/1.jpg,TOP04440Z,Black Satin Sleeveless Blouse ,https://www.faballey.com/black-satin-sleeveless-blouse-78/prdt
https://img.faballey.com/Images/Product/TOP04149Z/1.jpg,TOP04149Z,Black Mustard Polka Belted Top,https://www.faballey.com/black-mustard-polka-belted-top-78/prdt
https://img.faballey.com/Images/Product/TOP04157Z/1.jpg,TOP04157Z,Black Grid Print Belted Top,https://www.faballey.com/black-grid-print-belted-top-78/prdt
https://img.faballey.com/Images/Product/TOP03199Z/1.jpg,TOP03199Z,Tie Up Sleeves Bardot Top - Floral Stripes,https://www.faballey.com/tie-up-sleeves-bardot-top-floral-stripes-78/prdt
https://img.faballey.com/Images/Product/TOP01616A/1.jpg,TOP01616A,Dual Straps Cami - Black,https://www.faballey.com/dual-straps-cami-black-85/prdt
https://img.faballey.com/Images/Product/TOP01214A/1.jpg,TOP01214A,Cut Away Crop Top - Black,https://www.faballey.com/cut-away-crop-top-black-85/prdt
https://img.faballey.com/Images/Product/TOP05065Z/1.jpg,TOP05065Z,Black Floral Frilled Pin Tuck Top ,https://www.faballey.com/black-floral-frilled-pin-tuck-top-78/prdt
https://img.faballey.com/Images/Product/TOP04956Z/1.jpg,TOP04956Z,Black Satin One Shoulder Top ,https://www.faballey.com/black-satin-one-shoulder-top-78/prdt
https://img.faballey.com/Images/Product/TOP04700Z/1.jpg,TOP04700Z,BASICS Black Striped Boat Neck Crop Top ,https://www.faballey.com/basics-black-striped-boat-neck-crop-top-78/prdt
https://img.faballey.com/Images/Product/TOP04572Z/1.jpg,TOP04572Z,Black Embroidered Strappy Tank Top ,https://www.faballey.com/black-embroidered-strappy-tank-top-78/prdt
https://img.faballey.com/Images/Product/TOP04628Z/1.jpg,TOP04628Z,Black Satin Strappy Crop Top ,https://www.faballey.com/black-satin-strappy-crop-top-78/prdt
https://img.faballey.com/Images/Product/TOP04260Z/1.jpg,TOP04260Z,Black Gingham Belted Top ,https://www.faballey.com/black-gingham-belted-top-78/prdt
https://img.faballey.com/Images/Product/TOP04246Z/1.jpg,TOP04246Z,Black Yellow Tartan Boyfriend Shirt,https://www.faballey.com/black-yellow-tartan-boyfriend-shirt-78/prdt
https://img.faballey.com/Images/Product/TOP04340Z/1.jpg,TOP04340Z,Black One Shoulder Cuff Sleeve Top,https://www.faballey.com/black-one-shoulder-cuff-sleeve-top-78/prdt
https://img.faballey.com/Images/Product/TOP04230Z/1.jpg,TOP04230Z,Black Side Tie Ribbed Top,https://www.faballey.com/black-side-tie-ribbed-top-78/prdt
https://img.faballey.com/Images/Product/TOP04144Z/1.jpg,TOP04144Z,Black Contrast Piping Belted Top,https://www.faballey.com/black-contrast-piping-belted-top-78/prdt
https://img.faballey.com/Images/Product/TOP04121Z/1.jpg,TOP04121Z,BASICS Black Polka Peek A Boo T-Shirt,https://www.faballey.com/basics-black-polka-peek-a-boo-tshirt-287/prdt
https://img.faballey.com/Images/Product/TOP04093Z/1.jpg,TOP04093Z,Black Floral Statement Sleeve Top,https://www.faballey.com/black-floral-statement-sleeve-top-78/prdt
https://img.faballey.com/Images/Product/TOP04047Z/1.jpg,TOP04047Z,Black Chevron Lace Cape Top,https://www.faballey.com/black-chevron-lace-cape-top-78/prdt
https://img.faballey.com/Images/Product/TOP03735Z/1.jpg,TOP03735Z,Grey Slub Boat Neck Knitted Top  ,https://www.faballey.com/grey-slub-boat-neck-knitted-top-78/prdt
https://img.faballey.com/Images/Product/TOP03706Z/1.jpg,TOP03706Z,Black Gingham Strappy Crop Top ,https://www.faballey.com/black-gingham-strappy-crop-top-78/prdt
https://img.faballey.com/Images/Product/TOP03414Z/1.jpg,TOP03414Z,Black Gingham Embroidered Sleeve Top ,https://www.faballey.com/black-gingham-embroidered-sleeve-top-78/prdt
https://img.faballey.com/Images/Product/TOP03400Z/1.jpg,TOP03400Z,Black Pearl Insert Triple Bell Sleeve Top,https://www.faballey.com/black-pearl-insert-triple-bell-sleeve-top-78/prdt
https://img.faballey.com/Images/Product/TOP03240Z/1.jpg,TOP03240Z,Gingham Top With Belt - Black,https://www.faballey.com/gingham-top-with-belt-black-78/prdt
https://img.faballey.com/Images/Product/TOP04684Z/1.jpg,TOP04684Z,BASICS Black White Striped Tank Top ,https://www.faballey.com/basics-black-white-striped-tank-top-78/prdt
https://img.faballey.com/Images/Product/TOP04280Z/1.jpg,TOP04280Z,Black Lace Cami Top ,https://www.faballey.com/black-lace-cami-top-78/prdt
https://img.faballey.com/Images/Product/TOP04221Z/1.jpg,TOP04221Z,Black Check Belted Sleeveless Top,https://www.faballey.com/black-check-belted-sleeveless-top-78/prdt
https://img.faballey.com/Images/Product/TOP04241Z/1.jpg,TOP04241Z,Black Neck Cut Out Fitted Top,https://www.faballey.com/black-neck-cut-out-fitted-top-54/prdt
https://img.faballey.com/Images/Product/TOP04179Z/1.jpg,TOP04179Z,Black Tartan Off Shoulder Crop Top,https://www.faballey.com/black-tartan-off-shoulder-crop-top-78/prdt
https://img.faballey.com/Images/Product/TOP04030Z/1.jpg,TOP04030Z,Black Striped Bell Sleeve Wrap Top,https://www.faballey.com/black-striped-bell-sleeve-wrap-top-78/prdt
https://img.faballey.com/Images/Product/TOP03945Z/1.jpg,TOP03945Z,Black Embroidered Yoke Studded Top,https://www.faballey.com/black-embroidered-yoke-studded-top-78/prdt
https://img.faballey.com/Images/Product/TOP05032Z/1.jpg,TOP05032Z,White Smocked Poplin Top ,https://www.faballey.com/white-smocked-poplin-top-78/prdt
https://img.faballey.com/Images/Product/TOP05184Z/1.jpg,TOP05184Z,White Black Polka Belted Wrap Top,https://www.faballey.com/white-black-polka-belted-wrap-top-78/prdt
https://img.faballey.com/Images/Product/TOP05249Z/1.jpg,TOP05249Z,White Strappy Schiffli Peplum Top,https://www.faballey.com/white-strappy-schiffli-peplum-top-78/prdt
https://img.faballey.com/Images/Product/TOP05017Z/1.jpg,TOP05017Z,White Schiffli Ruffle Sleeve Top,https://www.faballey.com/white-schiffly-ruffle-sleeve-top-78/prdt
https://img.faballey.com/Images/Product/TOP04925Z/1.jpg,TOP04925Z,White Striped Ruffled Sleeve Top ,https://www.faballey.com/white-striped-ruffled-sleeve-top-78/prdt
https://img.faballey.com/Images/Product/TOP04865Z/1.jpg,TOP04865Z,White Navy Floral Ruffled Halter Top ,https://www.faballey.com/white-navy-floral-ruffled-halter-top-78/prdt
https://img.faballey.com/Images/Product/TOP04882Z/1.jpg,TOP04882Z,White Poplin Back Tie Crop Top,https://www.faballey.com/white-poplin-back-tie-crop-top-78/prdt
https://img.faballey.com/Images/Product/TOP04863Z/1.jpg,TOP04863Z,White Mesh Ruched Smocked Crop Top,https://www.faballey.com/white-mesh-ruched-smocked-crop-top-78/prdt
https://img.faballey.com/Images/Product/TOP04860Z/1.jpg,TOP04860Z,White Puff Sleeve Zipped Crop Top ,https://www.faballey.com/white-puff-sleeve-zipped-crop-top-78/prdt
https://img.faballey.com/Images/Product/TOP04909Z/1.jpg,TOP04909Z,White Poplin Short Sleeve Kimono Top,https://www.faballey.com/white-poplin-short-sleeve-kimono-top-78/prdt
https://img.faballey.com/Images/Product/TOP04602Z/1.jpg,TOP04602Z,White Swiss Dot Tie Neck Tiered Top ,https://www.faballey.com/white-swiss-dot-tie-neck-tiered-top-78/prdt
https://img.faballey.com/Images/Product/TOP04578Z/1.jpg,TOP04578Z,White Buttoned Square Neck Blouse ,https://www.faballey.com/white-buttoned-square-neck-blouse-78/prdt
https://img.faballey.com/Images/Product/TOP04486Z/1.jpg,TOP04486Z,White Floral Front Tie Blouse ,https://www.faballey.com/white-floral-front-tie-blouse-78/prdt
https://img.faballey.com/Images/Product/TOP04496Z/1.jpg,TOP04496Z,White Puffed Sleeve Poplin Top,https://www.faballey.com/white-puffed-sleeve-poplin-top-78/prdt
https://img.faballey.com/Images/Product/TOP04823Z/1.jpg,TOP04823Z,White Buttoned Wrap Top ,https://www.faballey.com/white-buttoned-wrap-top-78/prdt
https://img.faballey.com/Images/Product/TOP04575Z/1.jpg,TOP04575Z,White Palm Buttoned Strappy Top ,https://www.faballey.com/white-palm-buttoned-strappy-top-78/prdt
https://img.faballey.com/Images/Product/TOP04582Z/1.jpg,TOP04582Z,White Belted Halter Wrap Top  ,https://www.faballey.com/white-belted-halter-wrap-top-78/prdt
https://img.faballey.com/Images/Product/TOP04287Z/1.jpg,TOP04287Z,White Contrasting Belt Strappy Top,https://www.faballey.com/white-contrasting-belt-strappy-top-78/prdt
https://img.faballey.com/Images/Product/TOP04327Z/1.jpg,TOP04327Z,White Black Front Twist Top,https://www.faballey.com/white-black-front-twist-top-78/prdt
https://img.faballey.com/Images/Product/TOP03887Z/1.jpg,TOP03887Z,White Floral Flared Sleeve Tie Top,https://www.faballey.com/white-floral-flared-sleeve-tie-top-78/prdt
https://img.faballey.com/Images/Product/TOP03672Z/1.jpg,TOP03672Z,White Polka Dot Smocked Waist Top,https://www.faballey.com/white-polka-dot-smocked-waist-top-78/prdt
https://img.faballey.com/Images/Product/TOP03012Z/1.jpg,TOP03012Z,AlliaForFabAlley Suspender Top - White,https://www.faballey.com/alliaforfaballey-suspender-top-white-243/prdt
https://img.faballey.com/Images/Product/TOP05024Z/1.jpg,TOP05024Z,White Pink Floral Pleated Top,https://www.faballey.com/white-pink-floral-pleated-top-78/prdt
https://img.faballey.com/Images/Product/TOP04510Z/1.jpg,TOP04510Z,White Floral Tiered Strappy Top,https://www.faballey.com/white-floral-tiered-strappy-top-78/prdt
https://img.faballey.com/Images/Product/TOP04507Z/1.jpg,TOP04507Z,White Ditsy Floral Frill Neck Blouse ,https://www.faballey.com/white-ditsy-floral-frill-neck-blouse-78/prdt
https://img.faballey.com/Images/Product/TOP04541Z/1.jpg,TOP04541Z,White Strappy Corset Top ,https://www.faballey.com/white-strappy-corset-top-78/prdt
https://img.faballey.com/Images/Product/TOP04355Z/1.jpg,TOP04355Z,White Floral Ruffled Cold Shoulder Cami Top,https://www.faballey.com/white-floral-ruffled-cold-shoulder-cami-top-78/prdt
https://img.faballey.com/Images/Product/TOP04164Z/1.jpg,TOP04164Z,White Strappy Off Shoulder Shirt,https://www.faballey.com/white-strappy-off-shoulder-shirt-78/prdt
https://img.faballey.com/Images/Product/TOP03999Z/1.jpg,TOP03999Z,White Ruffled Schiffli Peasant Top,https://www.faballey.com/white-ruffled-schiffli-peasant-top-78/prdt
https://img.faballey.com/Images/Product/TOP03374Z/1.jpg,TOP03374Z,White Floral Lace Insert Bell Sleeve Blouse,https://www.faballey.com/white-floral-lace-insert-bell-sleeve-blouse-78/prdt
https://img.faballey.com/Images/Product/TOP02904Z/1.jpg,TOP02904Z,Tie Up Bell Sleeve Top - White Floral,https://www.faballey.com/tie-up-bell-sleeve-top-white-floral-78/prdt
https://img.faballey.com/Images/Product/TOP05044Z/1.jpg,TOP05044Z,White Schiffli Ruffled Peplum Top,https://www.faballey.com/white-floral-boota-layer-top-78/prdt
https://img.faballey.com/Images/Product/TOP05001Z/1.jpg,TOP05001Z,White Floral Elasticated Waist Top,https://www.faballey.com/floral-white-elasticated-top-78/prdt
https://img.faballey.com/Images/Product/TOP04912Z/1.jpg,TOP04912Z,White Jersey Tank Top,https://www.faballey.com/white-jersey-tanktop-78/prdt
https://img.faballey.com/Images/Product/TOP04501Z/1.jpg,TOP04501Z,White Bow One Shoulder Top,https://www.faballey.com/white-bow-one-shoulder-top-78/prdt
https://img.faballey.com/Images/Product/TOP04625Z/1.jpg,TOP04625Z,White Smocked Crop Top,https://www.faballey.com/white-smocked-crop-top-78/prdt
https://img.faballey.com/Images/Product/TOP04271Z/1.jpg,TOP04271Z,White Contrast Piping Wrap Top ,https://www.faballey.com/white-contrast-piping-wrap-top-78/prdt
https://img.faballey.com/Images/Product/TOP04434Z/1.jpg,TOP04434Z,White Black Polka Wrap Top,https://www.faballey.com/white-black-polka-wrap-top-78/prdt
https://img.faballey.com/Images/Product/TOP04344Z/1.jpg,TOP04344Z,White Black Floral Vine Embroidered Shirt,https://www.faballey.com/white-black-floral-vine-embroidered-shirt-78/prdt
https://img.faballey.com/Images/Product/TOP04206Z/1.jpg,TOP04206Z,White Checked Buckle Belted Top,https://www.faballey.com/white-checked-buckle-belted-top-78/prdt
https://img.faballey.com/Images/Product/TOP04169Z/1.jpg,TOP04169Z,Ivory Floral High Neck Peplum Top,https://www.faballey.com/ivory-floral-high-neck-peplum-top-78/prdt
https://img.faballey.com/Images/Product/TOP04202Z/1.jpg,TOP04202Z,White Embroidered Wrap Top,https://www.faballey.com/white-embroidered-wrap-top-78/prdt
https://img.faballey.com/Images/Product/TOP04217Z/1.jpg,TOP04217Z,White Polka Smocked Sleeve Top,https://www.faballey.com/white-polka-smocked-sleeve-top-78/prdt
https://img.faballey.com/Images/Product/TOP04089Z/1.jpg,TOP04089Z,Red Striped Buckled Top,https://www.faballey.com/red-striped-buckled-top-78/prdt
https://img.faballey.com/Images/Product/TOP03980Z/1.jpg,TOP03980Z,White Polka Belted Buttoned Top,https://www.faballey.com/white-polka-belted-buttoned-top-78/prdt
https://img.faballey.com/Images/Product/TOP03963Z/1.jpg,TOP03963Z,White Floral Belted Blouse,https://www.faballey.com/white-floral-belted-blouse-78/prdt
https://img.faballey.com/Images/Product/TOP03950Z/1.jpg,TOP03950Z,Stripe Embroidered Belted Strappy Top,https://www.faballey.com/stripe-embroidered-belted-strappy-top-78/prdt
https://img.faballey.com/Images/Product/TOP03793A/1.jpg,TOP03793A,White Lace Insert Embroidered Top  ,https://www.faballey.com/white-lace-insert-embroidered-top-54/prdt
https://img.faballey.com/Images/Product/TOP05226Z/1.jpg,TOP05226Z,Yellow Ditsy Ruched Off Shoulder Top,https://www.faballey.com/yellow-ditsy-ruched-off-shoulder-top-78/prdt
https://img.faballey.com/Images/Product/TOP05100Z/1.jpg,TOP05100Z,Yellow Ruched Smocked Top,https://www.faballey.com/yellow-ruched-smocked-top-78/prdt
https://img.faballey.com/Images/Product/TOP05202Z/1.jpg,TOP05202Z,Yellow Smocked Strappy Tie Up Top,https://www.faballey.com/yellow-smocked-strappy-tie-up-top-78/prdt
https://img.faballey.com/Images/Product/TOP05242Z/1.jpg,TOP05242Z,Mustard Zipped Peplum Top ,https://www.faballey.com/mustard-zipped-peplum-top-78/prdt
https://img.faballey.com/Images/Product/TOP05036Z/1.jpg,TOP05036Z,Yellow Floral Frilled Top ,https://www.faballey.com/yellow-floral-frilled-top-78/prdt
https://img.faballey.com/Images/Product/TOP05052Z/1.jpg,TOP05052Z,Navy Yellow Geo Smocked Strappy Top,https://www.faballey.com/navy-yellow-geo-smocked-strappy-top-78/prdt
https://img.faballey.com/Images/Product/TOP05099Z/1.jpg,TOP05099Z,Mustard White Geo Cami Top ,https://www.faballey.com/mustard-white-geo-cami-top-78/prdt
https://img.faballey.com/Images/Product/TOP04894Z/1.jpg,TOP04894Z,Mustard Solid Puff Sleeve Wrap Top ,https://www.faballey.com/mustard-solid-puff-sleeve-wrap-top-78/prdt
https://img.faballey.com/Images/Product/TOP05118Z/1.jpg,TOP05118Z,Yellow Dotted Smocked Sleeves Top,https://www.faballey.com/yellow-dotted-smocked-sleeves-top-78/prdt
https://img.faballey.com/Images/Product/TOP04997Z/1.jpg,TOP04997Z,Mustard Blouson Sleeve Buttoned Top,https://www.faballey.com/mustard-front-button-top-78/prdt
https://img.faballey.com/Images/Product/TOP04682Z/1.jpg,TOP04682Z,BASICS Mustard Striped High Neck Top ,https://www.faballey.com/basics-mustard-striped-high-neck-top-78/prdt
https://img.faballey.com/Images/Product/TOP04673Z/1.jpg,TOP04673Z,BASICS Mustard Striped Cross Back Top ,https://www.faballey.com/basics-mustard-striped-cross-back-top-78/prdt
https://img.faballey.com/Images/Product/TOP04654Z/1.jpg,TOP04654Z,Mustard Floral Smocked Strappy Top,https://www.faballey.com/mustard-floral-smocked-strappytop-78/prdt
https://img.faballey.com/Images/Product/TOP04568Z/1.jpg,TOP04568Z,Mustard Embroidered Spaghetti Top ,https://www.faballey.com/mustard-embroidered-spaghetti-top-78/prdt
https://img.faballey.com/Images/Product/TOP04529Z/1.jpg,TOP04529Z,Mustard Black Polka Shirt,https://www.faballey.com/mustard-black-polka-shirt-78/prdt
https://img.faballey.com/Images/Product/TOP04536Z/1.jpg,TOP04536Z,CLASSICS Mustard Buttoned Blouse ,https://www.faballey.com/classics-mustard-buttoned-blouse-78/prdt
https://img.faballey.com/Images/Product/TOP04525Z/1.jpg,TOP04525Z,Mustard Buttoned Strappy Top ,https://www.faballey.com/mustard-buttoned-strappy-top-78/prdt
https://img.faballey.com/Images/Product/TOP04492Z/1.jpg,TOP04492Z,Yellow Floral Ruffled Cold Shoulder Top  ,https://www.faballey.com/yellow-floral-ruffled-cold-shoulder-top-78/prdt
https://img.faballey.com/Images/Product/TOP04543Z/1.jpg,TOP04543Z,Mustard Grid Print Crop Shirt ,https://www.faballey.com/mustard-grid-print-crop-shirt-78/prdt
https://img.faballey.com/Images/Product/TOP04670Z/1.jpg,TOP04670Z,Mustard Floral Wrap Crop Top ,https://www.faballey.com/mustard-floral-wrap-crop-top-78/prdt
https://img.faballey.com/Images/Product/TOP04259Z/1.jpg,TOP04259Z,Yellow Gingham Belted Top,https://www.faballey.com/yellow-gingham-belted-top-78/prdt
https://img.faballey.com/Images/Product/TOP04353Z/1.jpg,TOP04353Z,Mustard Floral Smocked Strappy Top ,https://www.faballey.com/mustard-floral-smocked-strappy-top-78/prdt
https://img.faballey.com/Images/Product/TOP04309Z/1.jpg,TOP04309Z,Yellow Floral Belted Top,https://www.faballey.com/yellow-floral-belted-top-78/prdt
https://img.faballey.com/Images/Product/TOP04196Z/1.jpg,TOP04196Z,Yellow Striped V-Neck Top,https://www.faballey.com/yellow-striped-vneck-top-78/prdt
https://img.faballey.com/Images/Product/TOP04077Z/1.jpg,TOP04077Z,Mustard Striped Bell Sleeve Wrap Top,https://www.faballey.com/mustard-striped-bell-sleeve-wrap-top-78/prdt
https://img.faballey.com/Images/Product/TOP04155Z/1.jpg,TOP04155Z,Mustard Floral Belted Bell Sleeve Top,https://www.faballey.com/mustard-floral-belted-bell-sleeve-top-78/prdt
https://img.faballey.com/Images/Product/TOP04114Z/1.jpg,TOP04114Z,Mustard Floral Knotted Top,https://www.faballey.com/mustard-floral-knotted-top-78/prdt
https://img.faballey.com/Images/Product/TOP03932Z/1.jpg,TOP03932Z,CLASSICS Yellow Frill Neck Top,https://www.faballey.com/classics-yellow-frill-neck-top-262/prdt
https://img.faballey.com/Images/Product/TOP03346Z/1.jpg,TOP03346Z,Striped Layered Sleeve Back Tie Up Blouse,https://www.faballey.com/striped-layered-sleeve-back-tie-up-blouse-78/prdt
https://img.faballey.com/Images/Product/TOP05027Z/1.jpg,TOP05027Z,Mustard Floral Schiffli Strappy Top ,https://www.faballey.com/mustard-floral-schiffli-strappy-top-78/prdt
https://img.faballey.com/Images/Product/TOP04923Z/1.jpg,TOP04923Z,Mustard Floral Frilled Tiered Blouse ,https://www.faballey.com/mustard-floral-frilled-tiered-blouse-78/prdt
https://img.faballey.com/Images/Product/TOP04732Z/1.jpg,TOP04732Z,Yellow Floral Strappy Cold Shoulder Top ,https://www.faballey.com/yellow-floral-strappy-cold-shoulder-top-78/prdt
https://img.faballey.com/Images/Product/TOP04691Z/1.jpg,TOP04691Z,BASICS Mustard Striped Boat Neck Crop Top ,https://www.faballey.com/basics-mustard-striped-boat-neck-crop-top-78/prdt
https://img.faballey.com/Images/Product/TOP04116Z/1.jpg,TOP04116Z,BASICS Mustard Striped Ribbed Crop Top,https://www.faballey.com/basics-mustard-striped-ribbed-crop-top-287/prdt
https://img.faballey.com/Images/Product/TOP04096Z/1.jpg,TOP04096Z,Mustard Side Drape Top,https://www.faballey.com/mustard-side-drape-top-78/prdt
https://img.faballey.com/Images/Product/TOP04038Z/1.jpg,TOP04038Z,Mustard Floral Smocked Cami Top,https://www.faballey.com/mustard-floral-smocked-cami-top-78/prdt
https://img.faballey.com/Images/Product/TOP04060Z/1.jpg,TOP04060Z,ALL Mustard Frilled Sleeved Top,https://www.faballey.com/all-mustard-frilled-sleeved-top-78/prdt
https://img.faballey.com/Images/Product/TOP03917Z/1.jpg,TOP03917Z,Yellow Striped Belted Front Top,https://www.faballey.com/yellow-striped-belted-front-top-78/prdt
https://img.faballey.com/Images/Product/TOP03864Z/1.jpg,TOP03864Z,Mustard Floral Gathered Tie Top,https://www.faballey.com/mustard-floral-gathered-tie-top-78/prdt
https://img.faballey.com/Images/Product/TOP03860Z/1.jpg,TOP03860Z,Mustard Side Tie Wrap Top,https://www.faballey.com/mustard-side-tie-wrap-top-78/prdt
https://img.faballey.com/Images/Product/TOP03736Z/1.jpg,TOP03736Z,Mustard Boat Neck Knitted Top ,https://www.faballey.com/mustard-boat-neck-knitted-top-78/prdt
https://img.faballey.com/Images/Product/TOP03624Z/1.jpg,TOP03624Z,Yellow Striped Belted Longline Crop Top,https://www.faballey.com/yellow-striped-belted-longline-crop-top-78/prdt
https://img.faballey.com/Images/Product/TOP03510Z/1.jpg,TOP03510Z,Mustard Pearl Embellished Bell Sleeve Top,https://www.faballey.com/mustard-pearl-embellished-bell-sleeve-top-78/prdt
https://img.faballey.com/Images/Product/TOP03179Z/1.jpg,TOP03179Z,Off Shoulder Peplum Top - Mustard,https://www.faballey.com/off-shoulder-peplum-top-mustard-78/prdt
https://img.faballey.com/Images/Product/TOP05000Z/1.jpg,TOP05000Z,Yellow Dotted Smocked Peplum Top,https://www.faballey.com/yellow-printed-smoking-top-78/prdt
https://img.faballey.com/Images/Product/TOP04689Z/1.jpg,TOP04689Z,BASICS Mustard Striped Buttoned Strappy Crop Top ,https://www.faballey.com/basics-mustard-striped-buttoned-strappy-crop-top-78/prdt
https://img.faballey.com/Images/Product/TOP04694Z/1.jpg,TOP04694Z,BASICS Mustard Off Shoulder Crop Top ,https://www.faballey.com/basics-mustard-off-shoulder-crop-top-78/prdt
https://img.faballey.com/Images/Product/TOP04357Z/1.jpg,TOP04357Z,Mustard Front Tie Up Top,https://www.faballey.com/mustard-front-tie-up-top-78/prdt
https://img.faballey.com/Images/Product/TOP05133Z/1.jpg,TOP05133Z,Dark Green Belted Peplum Knit Top,https://www.faballey.com/dark-green-belted-peplum-knit-top-78/prdt
https://img.faballey.com/Images/Product/TOP05117Z/1.jpg,TOP05117Z,Green Zipped Peplum Top ,https://www.faballey.com/green-zipped-peplum-top-78/prdt
https://img.faballey.com/Images/Product/TOP05023Z/1.jpg,TOP05023Z,Green Ditsy Floral Pleated Top,https://www.faballey.com/green-floral-pleated-top-78/prdt
https://img.faballey.com/Images/Product/TOP05156Z/1.jpg,TOP05156Z,Dark Green Smocked High Neck Top,https://www.faballey.com/dark-green-smocked-high-neck-top-78/prdt
https://img.faballey.com/Images/Product/TOP05045Z/1.jpg,TOP05045Z,Green Tiered Peplum Blouse,https://www.faballey.com/green-boota-layer-top-78/prdt
https://img.faballey.com/Images/Product/TOP04973Z/1.jpg,TOP04973Z,Teal Embellished Tie Up Peplum Top ,https://www.faballey.com/teal-embellished-tie-up-peplum-top-78/prdt
https://img.faballey.com/Images/Product/TOP04967Z/1.jpg,TOP04967Z,Green Embellished Peplum Top ,https://www.faballey.com/green-embellished-peplum-top-78/prdt
https://img.faballey.com/Images/Product/TOP04969Z/1.jpg,TOP04969Z,Dark Green Flared Sleeve Embellished Top ,https://www.faballey.com/dark-green-flared-sleeve-embellished-top-78/prdt
https://img.faballey.com/Images/Product/TOP04557Z/1.jpg,TOP04557Z,CLASSICS Green V Neck Blouse ,https://www.faballey.com/classics-green-v-neck-blouse-78/prdt
https://img.faballey.com/Images/Product/TOP04708Z/1.jpg,TOP04708Z,Light Green Lace Side Tie Top ,https://www.faballey.com/light-green-lace-side-tie-top-78/prdt
https://img.faballey.com/Images/Product/TOP04508Z/1.jpg,TOP04508Z,Green Floral Crushed Frill Neck Blouse ,https://www.faballey.com/green-floral-crushed-frill-neck-blouse-78/prdt
https://img.faballey.com/Images/Product/TOP04629Z/1.jpg,TOP04629Z,Green Floral Wrap Crop Top,https://www.faballey.com/green-floral-wrap-crop-top-78/prdt
https://img.faballey.com/Images/Product/TOP04608Z/1.jpg,TOP04608Z,CLASSICS Bottle Green Sleeveless Shirt ,https://www.faballey.com/classics-bottle-green-sleeveless-shirt-78/prdt
https://img.faballey.com/Images/Product/TOP04548Z/1.jpg,TOP04548Z,Green Floral Tiered Blouse ,https://www.faballey.com/green-floral-tiered-blouse-78/prdt
https://img.faballey.com/Images/Product/TOP04518Z/1.jpg,TOP04518Z,Green Embellished Cowl Neck Top ,https://www.faballey.com/green-embellished-cowl-neck-top-78/prdt
https://img.faballey.com/Images/Product/TOP04579Z/1.jpg,TOP04579Z,Green Polka Buttoned Square Neck Blouse ,https://www.faballey.com/green-polka-buttoned-square-neck-blouse-78/prdt
https://img.faballey.com/Images/Product/TOP04490Z/1.jpg,TOP04490Z,Green Side Tie Blouse ,https://www.faballey.com/green-side-tie-blouse-78/prdt
https://img.faballey.com/Images/Product/TOP04522Z/1.jpg,TOP04522Z,Bottle Green Strappy Tie Up Top ,https://www.faballey.com/bottle-green-strappy-tie-up-top-78/prdt
https://img.faballey.com/Images/Product/TOP04345Z/1.jpg,TOP04345Z,Olive White Embroidered Top,https://www.faballey.com/olive-white-embroidered-top-78/prdt
https://img.faballey.com/Images/Product/TOP04471Z/1.jpg,TOP04471Z,Green Embellished Asymmetric Top,https://www.faballey.com/green-embellished-asymmetric-top-78/prdt
https://img.faballey.com/Images/Product/TOP04466Z/1.jpg,TOP04466Z,Green Ruched Sleeve Satin Wrap Top ,https://www.faballey.com/green-ruched-sleeve-satin-wrap-top-78/prdt
https://img.faballey.com/Images/Product/TOP04379Z/1.jpg,TOP04379Z,Green Chevron Knotted Top,https://www.faballey.com/green-chevron-knotted-top-78/prdt
https://img.faballey.com/Images/Product/TOP04335Z/1.jpg,TOP04335Z,Sea Foam Embellished Neck Layered Top ,https://www.faballey.com/sea-foam-embellished-neck-layered-top-78/prdt
https://img.faballey.com/Images/Product/TOP04315Z/1.jpg,TOP04315Z,Teal Strappy Cold Shoulder Top,https://www.faballey.com/teal-strappy-cold-shoulder-top-78/prdt
https://img.faballey.com/Images/Product/TOP04397Z/1.jpg,TOP04397Z,Green High Neck Long Tee ,https://www.faballey.com/green-high-neck-long-tee-78/prdt
https://img.faballey.com/Images/Product/TOP04289Z/1.jpg,TOP04289Z,Green Striped Side Tie Wrap Top ,https://www.faballey.com/green-striped-side-tie-wrap-top-78/prdt
https://img.faballey.com/Images/Product/TOP04436Z/1.jpg,TOP04436Z,Teal Green Laser Cut Bell Sleeves Top ,https://www.faballey.com/teal-green-laser-cut-bell-sleeves-top-78/prdt
https://img.faballey.com/Images/Product/TOP04306Z/1.jpg,TOP04306Z,Green Laser Cut Yoke Top,https://www.faballey.com/green-laser-cut-yoke-top-78/prdt
https://img.faballey.com/Images/Product/TOP04424Z/1.jpg,TOP04424Z,Teal Side Tie Top ,https://www.faballey.com/teal-side-tie-top-78/prdt
https://img.faballey.com/Images/Product/TOP04282Z/1.jpg,TOP04282Z,Teal Black Belted Striped Top,https://www.faballey.com/teal-maroon-belted-striped-top-78/prdt
https://img.faballey.com/Images/Product/TOP04138Z/1.jpg,TOP04138Z,Green Embellished High Neck Top,https://www.faballey.com/green-embellished-high-neck-top-78/prdt
https://img.faballey.com/Images/Product/TOP04143Z/1.jpg,TOP04143Z,Green Shawl Collar Top,https://www.faballey.com/green-shawl-collar-top-78/prdt
https://img.faballey.com/Images/Product/TOP01574A/1.jpg,TOP01574A,Military Mad Henley Tee,https://www.faballey.com/military-mad-henley-tee-85/prdt
https://img.faballey.com/Images/Product/TOP04134Z/1.jpg,TOP04134Z,BASICS Green Striped Off Shoulder Top,https://www.faballey.com/basics-green-striped-off-shoulder-top-287/prdt
https://img.faballey.com/Images/Product/TOP02651A/1.jpg,TOP02651A,Bardot Bish Top - Green,https://www.faballey.com/bardot-bish-top-green-54/prdt
https://img.faballey.com/Images/Product/TOP05003Z/1.jpg,TOP05003Z,Green Floral Smocked Peplum Top,https://www.faballey.com/green-floral-smocked-peplum-top-78/prdt
https://img.faballey.com/Images/Product/TOP05055Z/1.jpg,TOP05055Z,Green Ditsy Floral Layered Ruffled Top,https://www.faballey.com/green-ditsy-floral-layered-ruffled-top-78/prdt
https://img.faballey.com/Images/Product/TOP04636Z/1.jpg,TOP04636Z,Green Black Striped Wrap Crop Shirt,https://www.faballey.com/green-black-striped-wrap-crop-shirt-78/prdt
https://img.faballey.com/Images/Product/TOP04621Z/1.jpg,TOP04621Z,CLASSICS Olive Black Pussy Bow Shirt ,https://www.faballey.com/classics-olive-black-pussy-bow-shirt-78/prdt
https://img.faballey.com/Images/Product/TOP04459Z/1.jpg,TOP04459Z,Olive Satin Wrap Top ,https://www.faballey.com/olive-satin-wrap-top-78/prdt
https://img.faballey.com/Images/Product/TOP04150Z/1.jpg,TOP04150Z,Olive Polka Knotted Top,https://www.faballey.com/olive-polka-knotted-top-78/prdt
https://img.faballey.com/Images/Product/TOP04137Z/1.jpg,TOP04137Z,Teal Flared Sleeve Embellished Top,https://www.faballey.com/teal-flared-sleeve-embellished-top-78/prdt
https://img.faballey.com/Images/Product/TOP04201Z/1.jpg,TOP04201Z,Green Embellished Neck Peplum Top,https://www.faballey.com/green-embellished-neck-peplum-top-78/prdt
https://img.faballey.com/Images/Product/TOP04016Z/1.jpg,TOP04016Z,Teal Floral Off Shoulder Top,https://www.faballey.com/teal-floral-off-shoulder-top-78/prdt
https://img.faballey.com/Images/Product/TOP04094Z/1.jpg,TOP04094Z,Olive Cut Out Tie Sleeve Top,https://www.faballey.com/olive-cut-out-tie-sleeve-top-78/prdt
https://img.faballey.com/Images/Product/TOP03939Z/1.jpg,TOP03939Z,Teal Striped Ruffled Wrap Top,https://www.faballey.com/teal-striped-ruffled-wrap-top-78/prdt
https://img.faballey.com/Images/Product/TOP03140Z/1.jpg,TOP03140Z,Flutter Sleeve Button Front Top - Green ,https://www.faballey.com/flutter-sleeve-button-front-top-green-78/prdt
https://img.faballey.com/Images/Product/TOP05069Z/1.jpg,TOP05069Z,Olive Solid Belted Blouse,https://www.faballey.com/olive-solid-belted-blouse-78/prdt
https://img.faballey.com/Images/Product/TOP05127Z/1.jpg,TOP05127Z,Purple Strappy Layered Top ,https://www.faballey.com/purple-strappy-layered-top-78/prdt
https://img.faballey.com/Images/Product/TOP05142Z/1.jpg,TOP05142Z,Purple Frilled Shoulder Knit Top,https://www.faballey.com/purple-frilled-shoulder-knit-top-78/prdt
https://img.faballey.com/Images/Product/TOP05070Z/1.jpg,TOP05070Z,Maroon Ditsy Floral Strappy Peplum Top ,https://www.faballey.com/wine-ditsy-floral-strappy-peplum-top-78/prdt
https://img.faballey.com/Images/Product/TOP05033Z/1.jpg,TOP05033Z,Purple Embroidered Smocked Poplin Top,https://www.faballey.com/purple-embroidered-smocked-poplin-top-78/prdt
https://img.faballey.com/Images/Product/TOP05146Z/1.jpg,TOP05146Z,Purple Self Tie Belted Knit Top,https://www.faballey.com/purple-self-tie-belted-knit-top-78/prdt
https://img.faballey.com/Images/Product/TOP05157Z/1.jpg,TOP05157Z,Purple Smocked High Neck Top,https://www.faballey.com/purple-smocked-high-neck-top-78/prdt
https://img.faballey.com/Images/Product/TOP04920Z/1.jpg,TOP04920Z,Purple Leopard Print Strappy Top ,https://www.faballey.com/purple-leopard-print-strappy-top-78/prdt
https://img.faballey.com/Images/Product/TOP05026Z/1.jpg,TOP05026Z,Wine Side Knot Top,https://www.faballey.com/wine-side-knot-top-78/prdt
https://img.faballey.com/Images/Product/TOP04965Z/1.jpg,TOP04965Z,Wine Embellished Cold Shoulder Top ,https://www.faballey.com/wine-embellished-cold-shoulder-top-78/prdt
https://img.faballey.com/Images/Product/TOP04970Z/1.jpg,TOP04970Z,Wine Buckle Belted Puff Sleeve Top ,https://www.faballey.com/wine-buckle-belted-puff-sleeve-top-78/prdt
https://img.faballey.com/Images/Product/TOP04787Z/1.jpg,TOP04787Z,Lilac Solid Embellished Halter Top ,https://www.faballey.com/lilac-solid-embellished-halter-top-78/prdt
https://img.faballey.com/Images/Product/TOP04679Z/1.jpg,TOP04679Z,BASICS Wine Striped Button Shoulder Top ,https://www.faballey.com/basics-wine-striped-button-shoulder-top-78/prdt
https://img.faballey.com/Images/Product/TOP04917Z/1.jpg,TOP04917Z,Wine Buttoned Blouson Sleeve Top ,https://www.faballey.com/wine-buttoned-blouson-sleeve-top-78/prdt
https://img.faballey.com/Images/Product/TOP04598Z/1.jpg,TOP04598Z,Wine Polka Knotted Halter Top ,https://www.faballey.com/wine-polka-knotted-halter-top-78/prdt
https://img.faballey.com/Images/Product/TOP04659Z/1.jpg,TOP04659Z,CLASSICS Wine Tie Up Neck Shirt ,https://www.faballey.com/classics-wine-tie-up-neck-shirt-78/prdt
https://img.faballey.com/Images/Product/TOP04642Z/1.jpg,TOP04642Z,Mauve Embroidered Strappy Top,https://www.faballey.com/mauve-embroidered-strappy-top-78/prdt
https://img.faballey.com/Images/Product/TOP04505Z/1.jpg,TOP04505Z,Wine Lace Shoulder Blouse ,https://www.faballey.com/wine-lace-shoulder-blouse-78/prdt
https://img.faballey.com/Images/Product/TOP04610Z/1.jpg,TOP04610Z,CLASSICS Wine Sleeveless Shirt ,https://www.faballey.com/classics-wine-sleeveless-shirt-78/prdt
https://img.faballey.com/Images/Product/TOP04607Z/1.jpg,TOP04607Z,CLASSICS Wine Neck Tie Blouse ,https://www.faballey.com/classics-wine-neck-tie-blouse-78/prdt
https://img.faballey.com/Images/Product/TOP04586Z/1.jpg,TOP04586Z,Wine Strappy Lace Top ,https://www.faballey.com/wine-strappy-lace-top-78/prdt
https://img.faballey.com/Images/Product/TOP04502Z/1.jpg,TOP04502Z,Wine Bow One Shoulder Top ,https://www.faballey.com/wine-bow-one-shoulder-top-78/prdt
https://img.faballey.com/Images/Product/TOP04588Z/1.jpg,TOP04588Z,Mauve Lace Ruffled Halter Top ,https://www.faballey.com/mauve-lace-ruffled-halter-top-78/prdt
https://img.faballey.com/Images/Product/TOP04555Z/1.jpg,TOP04555Z,Mauve Side Tie Top ,https://www.faballey.com/mauve-side-tie-top-78/prdt
https://img.faballey.com/Images/Product/TOP04638Z/1.jpg,TOP04638Z,Wine Polka Strappy Layered Blouse,https://www.faballey.com/wine-polka-strappy-layered-blouse-78/prdt
https://img.faballey.com/Images/Product/TOP04470Z/1.jpg,TOP04470Z,Wine Embellished Asymmetric Top,https://www.faballey.com/wine-embellished-asymmetric-top-78/prdt
https://img.faballey.com/Images/Product/TOP04499Z/1.jpg,TOP04499Z,Wine Bow Wrap Top ,https://www.faballey.com/wine-bow-wrap-top-78/prdt
https://img.faballey.com/Images/Product/TOP04257Z/1.jpg,TOP04257Z,Wine Gingham Lapel Top,https://www.faballey.com/wine-gingham-lapel-top-78/prdt
https://img.faballey.com/Images/Product/TOP04308Z/1.jpg,TOP04308Z,Wine Laser Cut Yoke Top ,https://www.faballey.com/wine-laser-cut-yoke-top-78/prdt
https://img.faballey.com/Images/Product/TOP04062Z/1.jpg,TOP04062Z,ALL Wine Lace Yoke Top,https://www.faballey.com/all-wine-lace-yoke-top-78/prdt
https://img.faballey.com/Images/Product/TOP04690Z/1.jpg,TOP04690Z,BASICS Wine Striped Boat Neck Crop Top ,https://www.faballey.com/basics-wine-striped-boat-neck-crop-top-78/prdt
https://img.faballey.com/Images/Product/TOP04517Z/1.jpg,TOP04517Z,Wine Embellished Neck Halter Top ,https://www.faballey.com/wine-embellished-neck-halter-top-78/prdt
https://img.faballey.com/Images/Product/TOP04387Z/1.jpg,TOP04387Z,Wine Ditsy Floral Wrap Top,https://www.faballey.com/wine-ditsy-floral-wrap-top-78/prdt
https://img.faballey.com/Images/Product/TOP04392Z/1.jpg,TOP04392Z,Wine Ditsy Floral Bell Sleeve Top,https://www.faballey.com/wine-ditsy-floral-bell-sleeve-top-78/prdt
https://img.faballey.com/Images/Product/TOP05059Z/1.jpg,TOP05059Z,Wine Polka Smocked Top ,https://www.faballey.com/wine-polka-smocked-top-78/prdt
https://img.faballey.com/Images/Product/TOP04554Z/1.jpg,TOP04554Z,CLASSICS Wine Side Tie Top ,https://www.faballey.com/classics-wine-side-tie-top-78/prdt
https://img.faballey.com/Images/Product/TOP04256Z/1.jpg,TOP04256Z,Wine Gingham Pussy Bow Bardot Top,https://www.faballey.com/wine-gingham-pussy-bow-bardot-top-78/prdt
