id,url,image_name,link
1619106375,https://cdn.shopify.com/s/files/1/0266/6276/4597/products/100001_300855771_092_1_800x.jpg?v=1619106375,Gia Curves White Striped Shirtdress with Belt,https://www.westside.com/collections/woman-western-wear-new-in/products/gia-curves-white-striped-shirtdress-with-belt-300855771
1618639858,https://cdn.shopify.com/s/files/1/0266/6276/4597/products/100001_300855149_071_1_800x.jpg?v=1618639858,Sassy Soda Curves Light Pink Text Print Dress,https://www.westside.com/collections/woman-western-wear-new-in/products/sassy-soda-curves-light-pink-text-print-dress-300855149
1618639856,https://cdn.shopify.com/s/files/1/0266/6276/4597/products/100001_300855144_045_1_800x.jpg?v=1618639856,Sassy Soda Curves Lilac Typographic Print Dress,https://www.westside.com/collections/woman-western-wear-new-in/products/sassy-soda-curves-lilac-typographic-print-dress-300855144
1618639834,https://cdn.shopify.com/s/files/1/0266/6276/4597/products/100001_300836509_092_1_800x.jpg?v=1618639834,LOV Multicolour Striped Starry Dress,https://www.westside.com/collections/woman-western-wear-new-in/products/lov-multicolour-striped-starry-dress-300836509
1617989540,https://cdn.shopify.com/s/files/1/0266/6276/4597/products/100001_300855145_050_1_800x.jpg?v=1617989540,Sassy Soda Curves Peach Text Print T-Shirtdress,https://www.westside.com/collections/woman-western-wear-new-in/products/sassy-soda-curves-peach-text-print-t-shirtdress-300855145
1617969350,https://cdn.shopify.com/s/files/1/0266/6276/4597/products/100001_300855260_001_1_800x.jpg?v=1617969350,"LOV Green, Red And White Striped Shift Dress",https://www.westside.com/collections/woman-western-wear-new-in/products/lov-green-red-and-white-striped-shift-dress-300855260
1617304089,https://cdn.shopify.com/s/files/1/0266/6276/4597/products/100001_300856446_025_1_800x.jpg?v=1617304089,LOV Burgundy Violet High-Low Belted Shirtdress,https://www.westside.com/collections/woman-western-wear-new-in/products/lov-burgundy-violet-high-low-belted-shirtdress-300856446
1617118746,https://cdn.shopify.com/s/files/1/0266/6276/4597/products/100001_300854291_039_1_800x.jpg?v=1617118746,Wardrobe Blue Lace Dress With Chemise,https://www.westside.com/collections/woman-western-wear-new-in/products/wardrobe-blue-lace-dress-with-chemise-300854291
1616648894,https://cdn.shopify.com/s/files/1/0266/6276/4597/products/100001_300851720_092_800x.jpg?v=1616648894,Gia Curves White Striped Dress with Belt,https://www.westside.com/collections/woman-western-wear-new-in/products/gia-curves-white-striped-dress-with-belt-300851720
1615581526,https://cdn.shopify.com/s/files/1/0266/6276/4597/products/100001_300851719_060_1_800x.jpg?v=1615581526,Gia Curves Blue Embroidered Shirtdress,https://www.westside.com/collections/woman-western-wear-new-in/products/gia-curves-blue-embroidered-shirtdress-300851719
1615581334,https://cdn.shopify.com/s/files/1/0266/6276/4597/products/100001_300851381_002_1_800x.jpg?v=1615581334,Sassy Soda Curves Black Printed Hooded Dress,https://www.westside.com/collections/woman-western-wear-new-in/products/sassy-soda-curves-black-printed-hooded-dress-300851381
1615487445,https://cdn.shopify.com/s/files/1/0266/6276/4597/products/100001_300851668_002_1_800x.jpg?v=1615487445,Wardrobe Black Ribbed Clay Dress With Belt,https://www.westside.com/collections/woman-western-wear-new-in/products/wardrobe-black-ribbed-clay-dress-with-belt-300851668
1615487438,https://cdn.shopify.com/s/files/1/0266/6276/4597/products/100001_300851667_001_1_800x.jpg?v=1615487438,Wardrobe Sage Ribbed Clay Bodycon Dress,https://www.westside.com/collections/woman-western-wear-new-in/products/wardrobe-sage-ribbed-clay-bodycon-dress-300851667
1615487437,https://cdn.shopify.com/s/files/1/0266/6276/4597/products/100001_300851666_089_1_800x.jpg?v=1615487437,Wardrobe Tan Striped Tammy Dress With Belt,https://www.westside.com/collections/woman-western-wear-new-in/products/wardrobe-tan-striped-tammy-dress-with-belt-300851666
1615486825,https://cdn.shopify.com/s/files/1/0266/6276/4597/products/100001_300851628_002_1_800x.jpg?v=1615486825,Studiofit Black Text Printed Dress with Belt,https://www.westside.com/collections/woman-western-wear-new-in/products/studiofit-black-text-printed-dress-with-belt-300851628
1615486773,https://cdn.shopify.com/s/files/1/0266/6276/4597/products/100001_300852865_092_1_800x.jpg?v=1615486773,LOV White Betrix Dress With Camisole,https://www.westside.com/collections/woman-western-wear-new-in/products/lov-white-betrix-dress-with-camisole-300852865
1615486772,https://cdn.shopify.com/s/files/1/0266/6276/4597/products/100001_300852269_001_1_800x.jpg?v=1615486772,LOV Sage Elsa Crochet Design Dress,https://www.westside.com/collections/woman-western-wear-new-in/products/lov-sage-elsa-crochet-design-dress-300852269
1615486758,https://cdn.shopify.com/s/files/1/0266/6276/4597/products/100001_300855256_042_1_800x.jpg?v=1615486758,LOV Green Fit-And-Flare Isla Dress,https://www.westside.com/collections/woman-western-wear-new-in/products/lov-green-fit-and-flare-isla-dress-300855256
1614964826,https://cdn.shopify.com/s/files/1/0266/6276/4597/products/100001_300851097_078_1_800x.jpg?v=1614964826,Nuon Mustard Cut-Out Detailed Poovi Dress,https://www.westside.com/collections/woman-western-wear-new-in/products/nuon-mustard-cut-out-detailed-poovi-dress-300851097
1614954311,https://cdn.shopify.com/s/files/1/0266/6276/4597/products/100001_300852231_071_1_800x.jpg?v=1614954311,Nuon Light Pink Shirtdress with Belt,https://www.westside.com/collections/woman-western-wear-new-in/products/nuon-light-pink-shirtdress-with-belt-300852231
1614954267,https://cdn.shopify.com/s/files/1/0266/6276/4597/products/100001_300851096_071_1_800x.jpg?v=1614954267,Nuon Light Pink Nathan Shirtdress,https://www.westside.com/collections/woman-western-wear-new-in/products/nuon-light-pink-nathan-shirtdress-300851096
1614954226,https://cdn.shopify.com/s/files/1/0266/6276/4597/products/100001_300850350_078_1_800x.jpg?v=1614954226,Nuon Mustard Ribbed Benj Dress,https://www.westside.com/collections/woman-western-wear-new-in/products/nuon-mustard-ribbed-benj-dress-300850350
1614954216,https://cdn.shopify.com/s/files/1/0266/6276/4597/products/100001_300850348_071_1_800x.jpg?v=1614954216,Nuon Pink Corduroy Textured Midi Dress,https://www.westside.com/collections/woman-western-wear-new-in/products/nuon-pink-corduroy-textured-midi-dress-300850348
1614954206,https://cdn.shopify.com/s/files/1/0266/6276/4597/products/100001_300852953_092_1_800x.jpg?v=1614954206,Wardrobe White Striped Shirtdress With Belt,https://www.westside.com/collections/woman-western-wear-new-in/products/wardrobe-white-striped-shirtdress-with-belt-300852953
1614954142,https://cdn.shopify.com/s/files/1/0266/6276/4597/products/100001_300851801_068_1_800x.jpg?v=1614954142,Wardrobe Navy Terry Dress With Belt,https://www.westside.com/collections/woman-western-wear-new-in/products/wardrobe-navy-terry-dress-with-belt-300851801
1614954131,https://cdn.shopify.com/s/files/1/0266/6276/4597/products/100001_300851800_068_1_800x.jpg?v=1614954131,Wardrobe Navy Checkered Glow Dress With Belt,https://www.westside.com/collections/woman-western-wear-new-in/products/wardrobe-navy-checkered-glow-dress-with-belt-300851800
1614954048,https://cdn.shopify.com/s/files/1/0266/6276/4597/products/100001_300851380_025_1_800x.jpg?v=1614954048,Sassy Soda Curves Yellow Typographic Print Dress,https://www.westside.com/collections/woman-western-wear-new-in/products/sassy-soda-curves-yellow-typographic-print-dress-300851380
1614444358,https://cdn.shopify.com/s/files/1/0266/6276/4597/products/100001_300852270_060_1_800x.jpg?v=1614444358,LOV Blue Striped Ava Dress,https://www.westside.com/collections/woman-western-wear-new-in/products/lov-blue-striped-ava-dress-300852270
1613576752,https://cdn.shopify.com/s/files/1/0266/6276/4597/products/100001_300851428_059_1_800x.jpg?v=1613576752,LOV Beige Anabel Shirtdress,https://www.westside.com/collections/woman-western-wear-new-in/products/lov-beige-anabel-shirtdress-300851428
1613156578,https://cdn.shopify.com/s/files/1/0266/6276/4597/products/100001_300847985_073_1_800x.jpg?v=1613156578,Nuon Red Floral Off-Shoulder Bella Dress,https://www.westside.com/collections/woman-western-wear-new-in/products/nuon-red-floral-off-shoulder-bella-dress-300847985
1613134178,https://cdn.shopify.com/s/files/1/0266/6276/4597/products/100001_300850968_002_1_800x.jpg?v=1613134178,Wardrobe Black Striped Ena Dress,https://www.westside.com/collections/woman-western-wear-new-in/products/wardrobe-black-striped-ena-dress-300850968
1613134166,https://cdn.shopify.com/s/files/1/0266/6276/4597/products/100001_300850967_002_1_800x.jpg?v=1613134166,Wardrobe Black Checked River Dress with Belt,https://www.westside.com/collections/woman-western-wear-new-in/products/wardrobe-black-checked-river-dress-with-belt-300850967
1613134154,https://cdn.shopify.com/s/files/1/0266/6276/4597/products/100001_300850966_092_1_800x.jpg?v=1613134154,Wardrobe White Striped Sam Dress with Belt,https://www.westside.com/collections/woman-western-wear-new-in/products/wardrobe-white-striped-sam-dress-with-belt-300850966
1613134129,https://cdn.shopify.com/s/files/1/0266/6276/4597/products/100001_300850820_092_1_800x.jpg?v=1613134129,Wardrobe White Polka Dotted Dress with Belt,https://www.westside.com/collections/woman-western-wear-new-in/products/wardrobe-white-polka-dotted-dress-with-belt-300850820
1613130126,https://cdn.shopify.com/s/files/1/0266/6276/4597/products/100001_300851412_092_2_800x.jpg?v=1613130126,Sassy Soda Curves White Cut-Out Flora Dress,https://www.westside.com/collections/woman-western-wear-new-in/products/sassy-soda-curves-white-cut-out-flora-dress-300851412
1616143079,https://cdn.shopify.com/s/files/1/0266/6276/4597/products/100001_300852112_092_1_800x.jpg?v=1616143079,Wardrobe White Striped Shirt,https://www.westside.com/collections/woman-western-wear-new-in/products/wardrobe-white-striped-shirt-300852112
1615487381,https://cdn.shopify.com/s/files/1/0266/6276/4597/products/100001_300852114_039_1_800x.jpg?v=1615487381,Wardrobe Blue Striped Shirt,https://www.westside.com/collections/woman-western-wear-new-in/products/wardrobe-blue-striped-shirt-300852114
1615487373,https://cdn.shopify.com/s/files/1/0266/6276/4597/products/100001_300852113_025_1_800x.jpg?v=1615487373,Wardrobe Solid Wine Shirt,https://www.westside.com/collections/woman-western-wear-new-in/products/wardrobe-solid-wine-shirt-300852113
1614954154,https://cdn.shopify.com/s/files/1/0266/6276/4597/products/100001_300852116_011_1_800x.jpg?v=1614954154,Wardrobe Dark Beige Rianna Shirt,https://www.westside.com/collections/woman-western-wear-new-in/products/wardrobe-dark-beige-rianna-shirt-300852116
1611228322,https://cdn.shopify.com/s/files/1/0266/6276/4597/products/100001_300850082_045_1_800x.jpg?v=1611228322,Wardrobe Lilac Formal Shirt,https://www.westside.com/collections/woman-western-wear-new-in/products/wardrobe-lilac-formal-shirt-300850082
1611228322,https://cdn.shopify.com/s/files/1/0266/6276/4597/products/100001_300850083_082_1_800x.jpg?v=1611228322,Wardrobe White Nancy Shirt,https://www.westside.com/collections/woman-western-wear-new-in/products/wardrobe-white-nancy-shirt-300850083
1611228260,https://cdn.shopify.com/s/files/1/0266/6276/4597/products/100001_300849041_082_1_800x.jpg?v=1611228260,Wardrobe White High-Low Shirt with Camisole,https://www.westside.com/collections/woman-western-wear-new-in/products/wardrobe-white-high-low-shirt-with-camisole-300849041
1611228261,https://cdn.shopify.com/s/files/1/0266/6276/4597/products/100001_300849040_040_1_800x.jpg?v=1611228261,Wardrobe Taupe High-Low Shirt with Camisole,https://www.westside.com/collections/woman-western-wear-new-in/products/wardrobe-taupe-high-low-shirt-with-camisole-300849040
1611228197,https://cdn.shopify.com/s/files/1/0266/6276/4597/products/100001_300836841_092_1_800x.jpg?v=1611228197,Wardrobe White Bow Shirt,https://www.westside.com/collections/woman-western-wear-new-in/products/wardrobe-white-bow-shirt-300836841
1610017292,https://cdn.shopify.com/s/files/1/0266/6276/4597/products/100001_300848571_060_1_800x.jpg?v=1610017292,Wardrobe Light Blue Shirt,https://www.westside.com/collections/woman-western-wear-new-in/products/wardrobe-light-blue-shirt-300848571
1610017281,https://cdn.shopify.com/s/files/1/0266/6276/4597/products/100001_300848570_071_1_800x.jpg?v=1610017281,Wardrobe Peach Shirt,https://www.westside.com/collections/woman-western-wear-new-in/products/wardrobe-peach-shirt-300848570
1609260235,https://cdn.shopify.com/s/files/1/0266/6276/4597/products/100001_300848578_025_1_800x.jpg?v=1609260235,Wardrobe Wine Shirt,https://www.westside.com/collections/woman-western-wear-new-in/products/wardrobe-wine-shirt-300848578
1609260220,https://cdn.shopify.com/s/files/1/0266/6276/4597/products/100001_300848576_065_1_800x.jpg?v=1609260220,Wardrobe Khaki Shirt,https://www.westside.com/collections/woman-western-wear-new-in/products/wardrobe-khaki-shirt-300848576
1609260203,https://cdn.shopify.com/s/files/1/0266/6276/4597/products/100001_300848575_011_1_800x.jpg?v=1609260203,Wardrobe Beige Check Pattern Shirt,https://www.westside.com/collections/woman-western-wear-new-in/products/wardrobe-beige-check-pattern-shirt-300848575
1609260188,https://cdn.shopify.com/s/files/1/0266/6276/4597/products/100001_300848574_002_1_800x.jpg?v=1609260188,Wardrobe Black Houndstooth Pattern Shirt,https://www.westside.com/collections/woman-western-wear-new-in/products/wardrobe-black-houndstooth-pattern-shirt-300848574
1605116430,https://cdn.shopify.com/s/files/1/0266/6276/4597/products/100001_300842943_068_1_800x.jpg?v=1605116430,Wardrobe Navy Quinny Formal Shirt,https://www.westside.com/collections/woman-western-wear-new-in/products/wardrobe-navy-quinny-formal-shirt-300842943
1603963956,https://cdn.shopify.com/s/files/1/0266/6276/4597/products/100001_300842857_025_1_b2165ca3-ddf4-4af4-acc0-76931dbf7040_800x.jpg?v=1603963956,Wardrobe Multicoloured Checkered Musk Shirt,https://www.westside.com/collections/woman-western-wear-new-in/products/wardrobe-multicoloured-checkered-musk-shirt-300842857
1603553490,https://cdn.shopify.com/s/files/1/0266/6276/4597/products/100001_300836849_002_1_6d05972f-07c3-48ef-a887-6e8a872aa6b7_800x.jpg?v=1603553490,Wardrobe Black Pleated-Back Shirt,https://www.westside.com/collections/woman-western-wear-new-in/products/wardrobe-black-pleated-back-shirt-300836849
1603553530,https://cdn.shopify.com/s/files/1/0266/6276/4597/products/100001_300836840_002_1_b126822f-1625-4f1d-a486-95788696f6a2_800x.jpg?v=1603553530,Wardrobe Black Checked Molly Shirt,https://www.westside.com/collections/woman-western-wear-new-in/products/wardrobe-black-checked-molly-shirt-300836840
1603553656,https://cdn.shopify.com/s/files/1/0266/6276/4597/products/100001_300835795_039_1_7e939af7-bebb-4470-b88b-c6e6ea81d1eb_800x.jpg?v=1603553656,Wardrobe Light Blue Nancy Shirt,https://www.westside.com/collections/woman-western-wear-new-in/products/wardrobe-light-blue-nancy-shirt-300835795
1603553671,https://cdn.shopify.com/s/files/1/0266/6276/4597/products/100001_300835794_071_1_98e22a5f-2289-4d25-9ce2-8b299ffe15af_800x.jpg?v=1603553671,Wardrobe Mauve Lucy Shirt,https://www.westside.com/collections/woman-western-wear-new-in/products/wardrobe-mauve-lucy-shirt-300835794
1603553734,https://cdn.shopify.com/s/files/1/0266/6276/4597/products/100001_300834427_031_1_0f128c97-5f89-45dc-a119-96d6df85d247_800x.jpg?v=1603553734,Wardrobe Beige Striped Agnus Shirt,https://www.westside.com/collections/woman-western-wear-new-in/products/wardrobe-beige-striped-agnus-shirt-300834427
1584704190,https://cdn.shopify.com/s/files/1/0266/6276/4597/products/100001_300830544001_1_800x.jpg?v=1584704190,Wardrobe White Striped Formal Shirt,https://www.westside.com/collections/woman-western-wear-new-in/products/wardrobe-white-striped-formal-shirt-300830544
1584704172,https://cdn.shopify.com/s/files/1/0266/6276/4597/products/100001_300830206001_1_800x.jpg?v=1584704172,Wardrobe Blue Formal Shirt,https://www.westside.com/collections/woman-western-wear-new-in/products/wardrobe-blue-formal-shirt-300830206
1583761857,https://cdn.shopify.com/s/files/1/0266/6276/4597/products/100001_300831671001_1_800x.jpg?v=1583761857,Wardrobe Dark Brown Pleated Shirt With Camisole,https://www.westside.com/collections/woman-western-wear-new-in/products/wardrobe-dark-brown-pleated-shirt-with-camisole-300831671
1618639899,https://cdn.shopify.com/s/files/1/0266/6276/4597/products/100001_300855900_012_1_800x.jpg?v=1618639899,Gia Curves Dark Blue Cropped Jeans,https://www.westside.com/collections/woman-western-wear-new-in/products/gia-curves-dark-blue-cropped-jeans-300855900
1617795949,https://cdn.shopify.com/s/files/1/0266/6276/4597/products/100001_300855154_012_1_800x.jpg?v=1617795949,Sassy Soda curves Dark Blue Cargo-Style Jeans,https://www.westside.com/collections/woman-western-wear-new-in/products/sassy-soda-curves-dark-blue-cargo-style-jeans-300855154
1617794539,https://cdn.shopify.com/s/files/1/0266/6276/4597/products/100001_300855283_092_1_800x.jpg?v=1617794539,LOV White High-Waist Cropped Jeans,https://www.westside.com/collections/woman-western-wear-new-in/products/lov-white-high-waist-cropped-jeans-300855283
1616771750,https://cdn.shopify.com/s/files/1/0266/6276/4597/products/100001_300855532_060_1_800x.jpg?v=1616771750,LOV Dark Blue Jennifer Cropped Jeans,https://www.westside.com/collections/woman-western-wear-new-in/products/lov-dark-blue-jennifer-cropped-jeans-300855532
1616771696,https://cdn.shopify.com/s/files/1/0266/6276/4597/products/100001_300855534_012_1_800x.jpg?v=1616771696,LOV Dark Blue Distressed Jeans,https://www.westside.com/collections/woman-western-wear-new-in/products/lov-dark-blue-distressed-jeans-300855534
1616771694,https://cdn.shopify.com/s/files/1/0266/6276/4597/products/100001_300855533_012_1_800x.jpg?v=1616771694,LOV Dark Blue High-Waist Jennifer Jeans,https://www.westside.com/collections/woman-western-wear-new-in/products/lov-dark-blue-high-waist-jennifer-jeans-300855533
1615581537,https://cdn.shopify.com/s/files/1/0266/6276/4597/products/100001_300851737_012_1_800x.jpg?v=1615581537,Gia Curves Blue Seam Detailed Cropped Jeans,https://www.westside.com/collections/woman-western-wear-new-in/products/gia-curves-blue-seam-detailed-cropped-jeans-300851737
1615581387,https://cdn.shopify.com/s/files/1/0266/6276/4597/products/100001_300851735_092_1_800x.jpg?v=1615581387,Gia Curves White Cropped Jeggings,https://www.westside.com/collections/woman-western-wear-new-in/products/gia-curves-white-cropped-jeggings-300851735
1615581385,https://cdn.shopify.com/s/files/1/0266/6276/4597/products/100001_300851733_060_1_800x.jpg?v=1615581385,Gia Curves Blue Cropped Jeggings,https://www.westside.com/collections/woman-western-wear-new-in/products/gia-curves-blue-cropped-jeggings-300851733
1615581349,https://cdn.shopify.com/s/files/1/0266/6276/4597/products/100001_300851620_012_1_800x.jpg?v=1615581349,Gia Curves Dark Blue Distressed Cropped Jeans,https://www.westside.com/collections/woman-western-wear-new-in/products/gia-curves-dark-blue-distressed-cropped-jeans-300851620
1615581348,https://cdn.shopify.com/s/files/1/0266/6276/4597/products/100001_300851619_060_1_800x.jpg?v=1615581348,Gia Curves Dark Blue Faded Jeans,https://www.westside.com/collections/woman-western-wear-new-in/products/gia-curves-dark-blue-faded-jeans-300851619
1615486865,https://cdn.shopify.com/s/files/1/0266/6276/4597/products/100001_300852259_039_1_800x.jpg?v=1615486865,Sassy Soda Curves Aqua Cargo-Style Brix Jeans,https://www.westside.com/collections/woman-western-wear-new-in/products/sassy-soda-curves-aqua-cargo-style-brix-jeans-300852259
1614964750,https://cdn.shopify.com/s/files/1/0266/6276/4597/products/100001_300832050_060_1_800x.jpg?v=1614964750,Nuon Blue Distressed Rigid Cropped Jeans,https://www.westside.com/collections/woman-western-wear-new-in/products/nuon-blue-distressed-rigid-cropped-jeans-300832050
1614190187,https://cdn.shopify.com/s/files/1/0266/6276/4597/products/100001_300848756_002_1_800x.jpg?v=1614190187,Gia Curves Black Peter Jeans,https://www.westside.com/collections/woman-western-wear-new-in/products/gia-curves-black-peter-jeans-300848756
1613130022,https://cdn.shopify.com/s/files/1/0266/6276/4597/products/100001_300849529_039_1_800x.jpg?v=1613130022,Sassy Soda Curves Light Blue Joggers-Style Jeans,https://www.westside.com/collections/woman-western-wear-new-in/products/sassy-soda-curves-light-blue-joggers-style-jeans-300849529
1613129943,https://cdn.shopify.com/s/files/1/0266/6276/4597/products/100001_300849440_092_1_800x.jpg?v=1613129943,Sassy Soda Curves White Fringed Bambi Crop Jeans,https://www.westside.com/collections/woman-western-wear-new-in/products/sassy-soda-curves-white-fringed-bambi-crop-jeans-300849440
1613129891,https://cdn.shopify.com/s/files/1/0266/6276/4597/products/100001_300848757_060_1_800x.jpg?v=1613129891,Gia Curves Dark Blue Snappy Cropped Jeans,https://www.westside.com/collections/woman-western-wear-new-in/products/gia-curves-dark-blue-snappy-cropped-jeans-300848757
1621602416,https://cdn.shopify.com/s/files/1/0266/6276/4597/products/100001_300851438_002_1_5048f7c0-ec9d-4d2d-8e94-79b9fe2dad27_800x.jpg?v=1621602416,LOV Black Jamie Jeans,https://www.westside.com/collections/woman-western-wear-new-in/products/lov-black-jamie-jeans-300851438
1611850061,https://cdn.shopify.com/s/files/1/0266/6276/4597/products/100001_300851850_012_1_813ff046-399d-4149-a524-0c553f8b0e5e_800x.jpg?v=1611850061,LOV Indigo Cropped Jamie Jeans,https://www.westside.com/collections/woman-western-wear-new-in/products/lov-indigo-cropped-jamie-jeans-300851850
1611849995,https://cdn.shopify.com/s/files/1/0266/6276/4597/products/100001_300851439_012_1_a13dcecf-aeec-488d-b670-ede6fd558275_800x.jpg?v=1611849995,LOV Dark Blue Cropped Jamie Jeans,https://www.westside.com/collections/woman-western-wear-new-in/products/lov-dark-blue-cropped-jamie-jeans-300851439
1611849983,https://cdn.shopify.com/s/files/1/0266/6276/4597/products/100001_300851437_060_1_9da7c1e4-1803-419f-96a1-bc64168fbfff_800x.jpg?v=1611849983,LOV Blue Cropped Jamie Jeans,https://www.westside.com/collections/woman-western-wear-new-in/products/lov-blue-cropped-jamie-jeans-300851437
1611761669,https://cdn.shopify.com/s/files/1/0266/6276/4597/products/100001_300848562_042_1_800x.jpg?v=1611761669,Nuon Sage Green Wide-Leg Archie Jeans,https://www.westside.com/collections/woman-western-wear-new-in/products/nuon-sage-green-wide-leg-archie-jeans-300848562
1611761656,https://cdn.shopify.com/s/files/1/0266/6276/4597/products/100001_300848551_065_1_800x.jpg?v=1611761656,Nuon Olive Cargo-Style James Crop Jeans,https://www.westside.com/collections/woman-western-wear-new-in/products/nuon-olive-cargo-style-james-crop-jeans-300848551
1610016657,https://cdn.shopify.com/s/files/1/0266/6276/4597/products/100001_300846300_012_1_800x.jpg?v=1610016657,Sassy Soda Curves Dark Blue Distressed Jeans,https://www.westside.com/collections/woman-western-wear-new-in/products/sassy-soda-curves-dark-blue-distressed-jeans-300846300
1610016315,https://cdn.shopify.com/s/files/1/0266/6276/4597/products/100001_300846569_064_1_800x.jpg?v=1610016315,Gia Curves Grey Peter Jeans,https://www.westside.com/collections/woman-western-wear-new-in/products/gia-curves-grey-peter-jeans-300846569
1608734539,https://cdn.shopify.com/s/files/1/0266/6276/4597/products/100001_300848941_092_1_800x.jpg?v=1608734539,LOV White Ankle-Length Jeans,https://www.westside.com/collections/woman-western-wear-new-in/products/lov-white-ankle-length-jeans-300848941
1608562243,https://cdn.shopify.com/s/files/1/0266/6276/4597/products/100001_300846571_042_1_800x.jpg?v=1608562243,Gia Curves Mint Green Ankle-Grazing Jeans,https://www.westside.com/collections/woman-western-wear-new-in/products/gia-curves-mint-green-ankle-grazing-jeans-300846571
1608562227,https://cdn.shopify.com/s/files/1/0266/6276/4597/products/100001_300846570_071_1_800x.jpg?v=1608562227,Gia Curves Dusty Pink Ankle-Grazing Jeans,https://www.westside.com/collections/woman-western-wear-new-in/products/gia-curves-dusty-pink-ankle-grazing-jeans-300846570
1612934431,https://cdn.shopify.com/s/files/1/0266/6276/4597/products/100001_300846153_060_2_7ac7ec33-c187-44db-bfec-5ef47079e9da_800x.jpg?v=1612934431,Nuon Blue Paperbag Waist Jeans,https://www.westside.com/collections/woman-western-wear-new-in/products/nuon-blue-paperbag-waist-jeans-300846153
1608548504,https://cdn.shopify.com/s/files/1/0266/6276/4597/products/100001_300846152_060_1_b24c331e-3270-4030-a7b2-5320842b3332_800x.jpg?v=1608548504,Nuon Blue Ankle-Length Straight Jeans,https://www.westside.com/collections/woman-western-wear-new-in/products/nuon-blue-ankle-length-straight-jeans-300846152
1607321207,https://cdn.shopify.com/s/files/1/0266/6276/4597/products/100001_300846595_012_1_800x.jpg?v=1607321207,Nuon Dark Blue Skinny Fit High Waist Jeans,https://www.westside.com/collections/woman-western-wear-new-in/products/nuon-dark-blue-skinny-fit-high-waist-jeans-300846595
1606137830,https://cdn.shopify.com/s/files/1/0266/6276/4597/products/100001_300844557_060_1_800x.jpg?v=1606137830,Gia Curves Blue Distressed Cropped Jeans,https://www.westside.com/collections/woman-western-wear-new-in/products/gia-curves-blue-distressed-cropped-jeans-300844557
1607005615,https://cdn.shopify.com/s/files/1/0266/6276/4597/products/100001_300844558_012_1_800x.jpg?v=1607005615,Gia Curves Dark Blue Nikko Cropped Jeans,https://www.westside.com/collections/woman-western-wear-new-in/products/gia-curves-dark-blue-nikko-cropped-jeans-300844558
1605116587,https://cdn.shopify.com/s/files/1/0266/6276/4597/products/100001_300844120_012_1_800x.jpg?v=1605116587,Sassy Soda Curves Dark Blue Matt Jeans,https://www.westside.com/collections/woman-western-wear-new-in/products/sassy-soda-curves-dark-blue-matt-jeans-300844120
1603813984,https://cdn.shopify.com/s/files/1/0266/6276/4597/products/100001_300844556_039_1_800x.jpg?v=1603813984,Gia Curves Navy High-Waist Jeans,https://www.westside.com/collections/woman-western-wear-new-in/products/gia-curves-navy-high-waist-jeans-300844556
1618639944,https://cdn.shopify.com/s/files/1/0266/6276/4597/products/100001_300855812_092_1_800x.jpg?v=1618639944,Studiofit White Panel Design Joggers,https://www.westside.com/collections/woman-western-wear-new-in/products/studiofit-white-panel-design-joggers-300855812
1618639859,https://cdn.shopify.com/s/files/1/0266/6276/4597/products/100001_300855155_042_1_800x.jpg?v=1618639859,Sassy Soda Curves Mint Joggers,https://www.westside.com/collections/woman-western-wear-new-in/products/sassy-soda-curves-mint-joggers-300855155
1616144577,https://cdn.shopify.com/s/files/1/0266/6276/4597/products/100001_300851107_060_1_800x.jpg?v=1616144577,Nuon Blue Reggie Cargo-Style Joggers,https://www.westside.com/collections/woman-western-wear-new-in/products/nuon-blue-reggie-cargo-style-joggers-300851107
1616143461,https://cdn.shopify.com/s/files/1/0266/6276/4597/products/100001_300852487_002_1_800x.jpg?v=1616143461,Sassy Soda Curves Black Cargo-Styled Joggers,https://www.westside.com/collections/woman-western-wear-new-in/products/sassy-soda-curves-black-cargo-styled-joggers-300852487
1615581382,https://cdn.shopify.com/s/files/1/0266/6276/4597/products/100001_300851732_001_1_800x.jpg?v=1615581382,Gia Curves Anthra Joggers,https://www.westside.com/collections/woman-western-wear-new-in/products/gia-curves-anthra-joggers-300851732
1615581165,https://cdn.shopify.com/s/files/1/0266/6276/4597/products/100001_300851532_035_1_800x.jpg?v=1615581165,Studiofit Grey Melange Text Print Leggings,https://www.westside.com/collections/woman-western-wear-new-in/products/studiofit-grey-melange-text-print-leggings-300851532
1615581165,https://cdn.shopify.com/s/files/1/0266/6276/4597/products/100001_300851537_035_1_800x.jpg?v=1615581165,Studiofit Grey Colour-Blocked Joggers,https://www.westside.com/collections/woman-western-wear-new-in/products/studiofit-grey-colour-blocked-joggers-300851537
1615581152,https://cdn.shopify.com/s/files/1/0266/6276/4597/products/100001_300851525_002_1_800x.jpg?v=1615581152,Studiofit Black Text Print Joggers,https://www.westside.com/collections/woman-western-wear-new-in/products/studiofit-black-text-print-joggers-300851525
1615486896,https://cdn.shopify.com/s/files/1/0266/6276/4597/products/100001_300852279_073_1_800x.jpg?v=1615486896,LOV Persian Rose Cargo-Style Clay Joggers,https://www.westside.com/collections/woman-western-wear-new-in/products/lov-persian-rose-cargo-style-clay-joggers-300852279
1614964854,https://cdn.shopify.com/s/files/1/0266/6276/4597/products/100001_300851105_071_1_800x.jpg?v=1614964854,Nuon Light Pink Cargo Style Reggie Joggers,https://www.westside.com/collections/woman-western-wear-new-in/products/nuon-light-pink-cargo-style-reggie-joggers-300851105
1613765468,https://cdn.shopify.com/s/files/1/0266/6276/4597/products/100001_300848759_060_1_800x.jpg?v=1613765468,Gia Curves Light Blue Denim Capris,https://www.westside.com/collections/woman-western-wear-new-in/products/gia-curves-light-blue-denim-capris-300848759
1613134501,https://cdn.shopify.com/s/files/1/0266/6276/4597/products/100001_300848912_060_1_800x.jpg?v=1613134501,Studiofit Blue Tie-Dye Printed Joggers,https://www.westside.com/collections/woman-western-wear-new-in/products/studiofit-blue-tie-dye-printed-joggers-300848912
1613134489,https://cdn.shopify.com/s/files/1/0266/6276/4597/products/100001_300848911_032_1_800x.jpg?v=1613134489,Studiofit Ecru Melange Panel Detailed Joggers,https://www.westside.com/collections/woman-western-wear-new-in/products/studiofit-ecru-melange-panel-detailed-joggers-300848911
1613131063,https://cdn.shopify.com/s/files/1/0266/6276/4597/products/100001_300851681_045_1_e4705018-6d0d-4888-9eaa-9815adb46f7d_800x.jpg?v=1613131063,LOV Lavender Cargo-Style Cropped Joggers,https://www.westside.com/collections/woman-western-wear-new-in/products/lov-lavender-cargo-style-cropped-joggers-300851681
1613130909,https://cdn.shopify.com/s/files/1/0266/6276/4597/products/100001_300851434_071_1_041d987b-82e6-43c1-bef6-80e15d0781cb_800x.jpg?v=1613130909,LOV Pink Cargo-Style Cropped Joggers,https://www.westside.com/collections/woman-western-wear-new-in/products/lov-pink-cargo-style-cropped-joggers-300851434
1611761880,https://cdn.shopify.com/s/files/1/0266/6276/4597/products/100001_300846129_035_1_800x.jpg?v=1611761880,Studiofit Grey Melange Printed Joggers,https://www.westside.com/collections/woman-western-wear-new-in/products/studiofit-grey-melange-printed-joggers-300846129
1611761768,https://cdn.shopify.com/s/files/1/0266/6276/4597/products/100001_300848918_002_1_800x.jpg?v=1611761768,Studiofit Black Text Printed Cropped Joggers,https://www.westside.com/collections/woman-western-wear-new-in/products/studiofit-black-text-printed-cropped-joggers-300848918
1611761756,https://cdn.shopify.com/s/files/1/0266/6276/4597/products/100001_300848916_032_1_800x.jpg?v=1611761756,Studiofit Ecru Melange Trackpants,https://www.westside.com/collections/woman-western-wear-new-in/products/studiofit-ecru-melange-trackpants-300848916
1611761732,https://cdn.shopify.com/s/files/1/0266/6276/4597/products/100001_300848913_002_1_800x.jpg?v=1611761732,Studiofit Black Printed Leggings,https://www.westside.com/collections/woman-western-wear-new-in/products/studiofit-black-printed-leggings-300848913
1611761593,https://cdn.shopify.com/s/files/1/0266/6276/4597/products/100001_300847991_038_1_800x.jpg?v=1611761593,Nuon Dark Beige Cargo-Style Joggers,https://www.westside.com/collections/woman-western-wear-new-in/products/nuon-dark-beige-cargo-style-joggers-300847991
1611761569,https://cdn.shopify.com/s/files/1/0266/6276/4597/products/100001_300847989_065_1_800x.jpg?v=1611761569,Nuon Khaki Cargo-Style Reggie Joggers,https://www.westside.com/collections/woman-western-wear-new-in/products/nuon-khaki-cargo-style-reggie-joggers-300847989
1610386441,https://cdn.shopify.com/s/files/1/0266/6276/4597/products/100001_300848591_050_1_800x.jpg?v=1610386441,LOV Dull Pink Rocha Rhinestone Detail Joggers,https://www.westside.com/collections/woman-western-wear-new-in/products/lov-dull-pink-rocha-rhinestone-detail-joggers-300848591
1610386425,https://cdn.shopify.com/s/files/1/0266/6276/4597/products/100001_300848590_001_1_800x.jpg?v=1610386425,LOV Sage Green Rocha Rhinestone Detail Joggers,https://www.westside.com/collections/woman-western-wear-new-in/products/lov-sage-green-rocha-rhinestone-detail-joggers-300848590
1608734465,https://cdn.shopify.com/s/files/1/0266/6276/4597/products/100001_300847486_001_1_800x.jpg?v=1608734465,LOV Sage Green Yava Joggers,https://www.westside.com/collections/woman-western-wear-new-in/products/lov-sage-green-yava-joggers-300847486
1608734451,https://cdn.shopify.com/s/files/1/0266/6276/4597/products/100001_300847485_002_1_800x.jpg?v=1608734451,LOV Black Meredith Joggers,https://www.westside.com/collections/woman-western-wear-new-in/products/lov-black-meredith-joggers-300847485
1608731855,https://cdn.shopify.com/s/files/1/0266/6276/4597/products/100001_300846130_002_1_dc107b37-d550-433e-ad2a-cf18615cffdf_800x.jpg?v=1608731855,Studiofit Black Printed Joggers,https://www.westside.com/collections/woman-western-wear-new-in/products/studiofit-black-printed-joggers-300846130
1608648561,https://cdn.shopify.com/s/files/1/0266/6276/4597/products/100001_300846592_035_1_800x.jpg?v=1608648561,Studiofit Grey Printed Joggers,https://www.westside.com/collections/woman-western-wear-new-in/products/studiofit-grey-printed-joggers-300846592
1608648348,https://cdn.shopify.com/s/files/1/0266/6276/4597/products/100001_300846131_035_1_800x.jpg?v=1608648348,Studiofit Grey Printed Joggers With Belt,https://www.westside.com/collections/woman-western-wear-new-in/products/studiofit-grey-printed-joggers-with-belt-300846131
1608648333,https://cdn.shopify.com/s/files/1/0266/6276/4597/products/100001_300846128_002_1_800x.jpg?v=1608648333,Studiofit Black Text-Printed Joggers,https://www.westside.com/collections/woman-western-wear-new-in/products/studiofit-black-text-printed-joggers-300846128
1608648319,https://cdn.shopify.com/s/files/1/0266/6276/4597/products/100001_300846127_035_1_800x.jpg?v=1608648319,Studiofit Grey Printed Joggers,https://www.westside.com/collections/woman-western-wear-new-in/products/studiofit-grey-printed-joggers-300846127
1608548267,https://cdn.shopify.com/s/files/1/0266/6276/4597/products/100001_300846066_050_1_338b12b7-7125-40ca-80ce-fe54d5602217_800x.jpg?v=1608548267,Nuon Peach Joggers,https://www.westside.com/collections/woman-western-wear-new-in/products/nuon-peach-joggers-300846066
1606217216,https://cdn.shopify.com/s/files/1/0266/6276/4597/products/100001_300844340_002_1_eedc8c72-c689-4c24-a0e9-4b22c4d98b03_800x.jpg?v=1606217216,Studiofit Black Panel Detailed Joggers,https://www.westside.com/collections/woman-western-wear-new-in/products/studiofit-black-panel-detailed-joggers-300844340
1606137781,https://cdn.shopify.com/s/files/1/0266/6276/4597/products/100001_300843510_042_1_800x.jpg?v=1606137781,Nuon Mint Green Reggie Cargo-Style Joggers,https://www.westside.com/collections/woman-western-wear-new-in/products/nuon-mint-green-reggie-cargo-style-joggers-300843510
1605684503,https://cdn.shopify.com/s/files/1/0266/6276/4597/products/100001_300844473_025_1_800x.jpg?v=1605684503,Wunderlove Burgundy Skinny Superstar Joggers,https://www.westside.com/collections/woman-western-wear-new-in/products/wunderlove-burgundy-skinny-superstar-joggers-300844473
1605684486,https://cdn.shopify.com/s/files/1/0266/6276/4597/products/100001_300844472_016_1_800x.jpg?v=1605684486,Wunderlove Charcoal Skinny Superstar Joggers,https://www.westside.com/collections/woman-western-wear-new-in/products/wunderlove-charcoal-skinny-superstar-joggers-300844472
1618639703,https://cdn.shopify.com/s/files/1/0266/6276/4597/products/100001_300855148_002_1_800x.jpg?v=1618639703,Sassy Soda Curves Black Playsuit With Belt,https://www.westside.com/collections/woman-western-wear-new-in/products/sassy-soda-curves-black-playsuit-with-belt-300855148
1616144780,https://cdn.shopify.com/s/files/1/0266/6276/4597/products/100001_300850353_078_1_800x.jpg?v=1616144780,Nuon Multicolour Striped Nalinska Jumpsuit,https://www.westside.com/collections/woman-western-wear-new-in/products/nuon-multicolour-striped-nalinska-jumpsuit-300850353
1616144561,https://cdn.shopify.com/s/files/1/0266/6276/4597/products/100001_300851101_054_1_800x.jpg?v=1616144561,Nuon Mint Textured Jumpsuit,https://www.westside.com/collections/woman-western-wear-new-in/products/nuon-mint-textured-jumpsuit-300851101
1616144547,https://cdn.shopify.com/s/files/1/0266/6276/4597/products/100001_300850355_042_1_800x.jpg?v=1616144547,Nuon Mint Smocking Pattern Nerry Jumpsuit,https://www.westside.com/collections/woman-western-wear-new-in/products/nuon-mint-smocking-pattern-nerry-jumpsuit-300850355
1614964836,https://cdn.shopify.com/s/files/1/0266/6276/4597/products/100001_300851100_078_1_800x.jpg?v=1614964836,Nuon Mustard Striped Nalinska Jumpsuit,https://www.westside.com/collections/woman-western-wear-new-in/products/nuon-mustard-striped-nalinska-jumpsuit-300851100
1614964797,https://cdn.shopify.com/s/files/1/0266/6276/4597/products/100001_300850354_071_1_800x.jpg?v=1614964797,Nuon Light Pink Nerry Jumpsuit,https://www.westside.com/collections/woman-western-wear-new-in/products/nuon-light-pink-nerry-jumpsuit-300850354
1613134681,https://cdn.shopify.com/s/files/1/0266/6276/4597/products/100001_300852466_082_1_a8b7b208-b8e9-4d10-9cad-94f5285508b7_800x.jpg?v=1613134681,Nuon White Striped Nerry Jumpsuit,https://www.westside.com/collections/woman-western-wear-new-in/products/nuon-white-striped-nerry-jumpsuit-300852466
1613134578,https://cdn.shopify.com/s/files/1/0266/6276/4597/products/100001_300851099_078_1_800x.jpg?v=1613134578,Nuon Mustard Floral Print Jumpsuit,https://www.westside.com/collections/woman-western-wear-new-in/products/nuon-mustard-floral-print-jumpsuit-300851099
1613134287,https://cdn.shopify.com/s/files/1/0266/6276/4597/products/100001_300851338_065_1_800x.jpg?v=1613134287,Wardrobe Khaki Amara Jumpsuit,https://www.westside.com/collections/woman-western-wear-new-in/products/wardrobe-khaki-amara-jumpsuit-300851338
1611761644,https://cdn.shopify.com/s/files/1/0266/6276/4597/products/100001_300848550_073_1_800x.jpg?v=1611761644,Nuon Red Striped Nalinska Jumpsuit,https://www.westside.com/collections/woman-western-wear-new-in/products/nuon-red-striped-nalinska-jumpsuit-300848550
1611761545,https://cdn.shopify.com/s/files/1/0266/6276/4597/products/100001_300847987_042_1_800x.jpg?v=1611761545,Nuon Sage Green Cut-Out Pence Jumpsuit with Belt,https://www.westside.com/collections/woman-western-wear-new-in/products/nuon-sage-green-cut-out-pence-jumpsuit-with-belt-300847987
1609260307,https://cdn.shopify.com/s/files/1/0266/6276/4597/products/100001_300848584_002_1_800x.jpg?v=1609260307,Wardrobe Black Checkered Jumpsuit With Belt,https://www.westside.com/collections/woman-western-wear-new-in/products/wardrobe-black-checkered-jumpsuit-with-belt-300848584
1609260292,https://cdn.shopify.com/s/files/1/0266/6276/4597/products/100001_300848583_065_1_800x.jpg?v=1609260292,Wardrobe Khaki Jumpsuit With Belt,https://www.westside.com/collections/woman-western-wear-new-in/products/wardrobe-khaki-jumpsuit-with-belt-300848583
1608548253,https://cdn.shopify.com/s/files/1/0266/6276/4597/products/100001_300846065_071_1_d0e40da6-1f7d-4c2e-ba7d-1c238c14f97c_800x.jpg?v=1608548253,Nuon Baby Pink Nalinska Jumpsuit,https://www.westside.com/collections/woman-western-wear-new-in/products/nuon-baby-pink-nalinska-jumpsuit-300846065
1608548163,https://cdn.shopify.com/s/files/1/0266/6276/4597/products/100001_300838871_072_1_172e3de7-7cf1-4705-a7e0-194023a5c976_800x.jpg?v=1608548163,Nuon Multicolour Nalinska Jumpsuit,https://www.westside.com/collections/woman-western-wear-new-in/products/nuon-multicolour-nalinska-jumpsuit-300838871
1608548148,https://cdn.shopify.com/s/files/1/0266/6276/4597/products/100001_300837823_071_1_d0876a9e-39f2-4f51-88c9-445fc307583d_800x.jpg?v=1608548148,Nuon Red Striped Jumpsuit,https://www.westside.com/collections/woman-western-wear-new-in/products/nuon-red-striped-jumpsuit-300837823
1608548133,https://cdn.shopify.com/s/files/1/0266/6276/4597/products/100001_300834751_068_1_31e59ed9-d2cb-4a40-97fd-bb2f057b3709_800x.jpg?v=1608548133,Nuon Navy Floral Print Jumpsuit With Belt,https://www.westside.com/collections/woman-western-wear-new-in/products/nuon-black-floral-print-jumpsuit-with-belt-300834751
1612271525,https://cdn.shopify.com/s/files/1/0266/6276/4597/products/100001_300834602_045_2_800x.jpg?v=1612271525,Nuon Lavender Cut-Out Design Belted Jumpsuit,https://www.westside.com/collections/woman-western-wear-new-in/products/nuon-lavender-cut-out-design-belted-jumpsuit-300834602
1605684350,https://cdn.shopify.com/s/files/1/0266/6276/4597/products/100001_300843508_042_1_800x.jpg?v=1605684350,Nuon Sage Green Diva Jumpsuit,https://www.westside.com/collections/woman-western-wear-new-in/products/nuon-sage-green-diva-jumpsuit-300843508
1604075391,https://cdn.shopify.com/s/files/1/0266/6276/4597/products/100001_300843509_038_1_800x.jpg?v=1604075391,Nuon Off White Pure Cotton Jumpsuit,https://www.westside.com/collections/woman-western-wear-new-in/products/nuon-off-white-pure-cotton-jumpsuit-300843509
1600089175,https://cdn.shopify.com/s/files/1/0266/6276/4597/products/100001_300835282_012_1_800x.jpg?v=1600089175,Nuon Dark Blue Denim Dungarees with Belt,https://www.westside.com/collections/woman-western-wear-new-in/products/nuon-dark-blue-denim-dungarees-with-belt-300835282
1598454689,https://cdn.shopify.com/s/files/1/0266/6276/4597/products/100001_300836246_045_1_800x.jpg?v=1598454689,Nuon Multicolour Striped Nalinska Jumpsuit,https://www.westside.com/collections/woman-western-wear-new-in/products/nuon-multicolour-striped-nalinska-jumpsuit-300836246
1597752898,https://cdn.shopify.com/s/files/1/0266/6276/4597/products/100001_300834603_065_1_800x.jpg?v=1597752898,Nuon Khaki Striped Nalinska Jumpsuit,https://www.westside.com/collections/woman-western-wear-new-in/products/nuon-khaki-striped-nalinska-jumpsuit-300834603
1606476829,https://cdn.shopify.com/s/files/1/0266/6276/4597/products/100001_300829418005_1_800x.jpg?v=1606476829,Nuon Red Floral Print Nerry Jumpsuit,https://www.westside.com/collections/woman-western-wear-new-in/products/nuon-red-floral-print-nerry-jumpsuit-300829418
1584023964,https://cdn.shopify.com/s/files/1/0266/6276/4597/products/100001_300828313004_1_800x.jpg?v=1584023964,Sassy Soda Curve Blue Star Patterned Dungarees,https://www.westside.com/collections/woman-western-wear-new-in/products/sassy-soda-curve-blue-star-patterned-dungarees-300828313
1583761892,https://cdn.shopify.com/s/files/1/0266/6276/4597/products/100001_300831673001_1_800x.jpg?v=1583761892,Wardrobe Tan Reiss Jumpsuit With Belt,https://www.westside.com/collections/woman-western-wear-new-in/products/wardrobe-tan-reiss-jumpsuit-with-belt-300831673
1583761427,https://cdn.shopify.com/s/files/1/0266/6276/4597/products/100001_300830210001_1_800x.jpg?v=1583761427,Wardrobe Dark Brown Streak Jumpsuit,https://www.westside.com/collections/woman-western-wear-new-in/products/wardrobe-dark-brown-streak-jumpsuit-300830210
1583760632,https://cdn.shopify.com/s/files/1/0266/6276/4597/products/100001_300829415001_1_800x.jpg?v=1583760632,Nuon Multicolour Striped Shermy Jumpsuit,https://www.westside.com/collections/woman-western-wear-new-in/products/nuon-multicolour-striped-shermy-jumpsuit-300829415
1617304070,https://cdn.shopify.com/s/files/1/0266/6276/4597/products/100001_300855276_001_1_800x.jpg?v=1617304070,LOV Sage Green Paper-Bag Laila Pants With Belt,https://www.westside.com/collections/woman-western-wear-new-in/products/lov-sage-green-paper-bag-laila-pants-with-belt-300855276
1616144693,https://cdn.shopify.com/s/files/1/0266/6276/4597/products/100001_300852470_061_1_800x.jpg?v=1616144693,Nuon Rust Pure Cotton Pants,https://www.westside.com/collections/woman-western-wear-new-in/products/nuon-rust-pure-cotton-pants-300852470
1616144548,https://cdn.shopify.com/s/files/1/0266/6276/4597/products/100001_300850356_042_1_800x.jpg?v=1616144548,Nuon Mint Drawstring Pants,https://www.westside.com/collections/woman-western-wear-new-in/products/nuon-mint-drawstring-pants-300850356
1616143141,https://cdn.shopify.com/s/files/1/0266/6276/4597/products/100001_300852471_031_1_800x.jpg?v=1616143141,Nuon Ecru Textured Pants,https://www.westside.com/collections/woman-western-wear-new-in/products/nuon-ecru-textured-pants-300852471
1616142631,https://cdn.shopify.com/s/files/1/0266/6276/4597/products/100001_300851106_054_1_800x.jpg?v=1616142631,Nuon Sage Green Ribbed Granger Pants,https://www.westside.com/collections/woman-western-wear-new-in/products/nuon-sage-green-ribbed-granger-pants-300851106
1614964845,https://cdn.shopify.com/s/files/1/0266/6276/4597/products/100001_300851104_059_1_800x.jpg?v=1614964845,Nuon Light Beige Ribbed Granger Pants,https://www.westside.com/collections/woman-western-wear-new-in/products/nuon-light-beige-ribbed-granger-pants-300851104
1613765558,https://cdn.shopify.com/s/files/1/0266/6276/4597/products/100001_300851309_002_1_800x.jpg?v=1613765558,LOV Black Cargo Style Pants with Belt,https://www.westside.com/collections/woman-western-wear-new-in/products/lov-black-cargo-style-pants-with-belt-300851309
1613134324,https://cdn.shopify.com/s/files/1/0266/6276/4597/products/100001_300851342_025_1_800x.jpg?v=1613134324,Wardrobe Wine Theo Ponte Pants,https://www.westside.com/collections/woman-western-wear-new-in/products/wardrobe-wine-theo-ponte-pants-300851342
1613134311,https://cdn.shopify.com/s/files/1/0266/6276/4597/products/100001_300851341_065_1_800x.jpg?v=1613134311,Wardrobe Khaki Theo Ponte Pants,https://www.westside.com/collections/woman-western-wear-new-in/products/wardrobe-khaki-theo-ponte-pants-300851341
1613131048,https://cdn.shopify.com/s/files/1/0266/6276/4597/products/100001_300851680_050_1_e08f52ce-18c2-47d2-816f-8607345938f2_800x.jpg?v=1613131048,LOV Peach Cargo-Style Pants with Belt,https://www.westside.com/collections/woman-western-wear-new-in/products/lov-peach-cargo-style-pants-with-belt-300851680
1613130924,https://cdn.shopify.com/s/files/1/0266/6276/4597/products/100001_300851435_064_1_99b1c287-6f69-415c-b243-88f229ec9948_800x.jpg?v=1613130924,LOV Grey Palmer Ribbed Pants,https://www.westside.com/collections/woman-western-wear-new-in/products/lov-grey-palmer-ribbed-pants-300851435
1611761581,https://cdn.shopify.com/s/files/1/0266/6276/4597/products/100001_300847990_038_1_800x.jpg?v=1611761581,Nuon Beige Ribbed Granger Pants,https://www.westside.com/collections/woman-western-wear-new-in/products/nuon-beige-ribbed-granger-pants-300847990
1612271127,https://cdn.shopify.com/s/files/1/0266/6276/4597/products/100001_300848594_050_4_7bc3552b-50e9-4317-9415-b857791768c6_800x.jpg?v=1612271127,LOV Dull Pink Palmer Ribbed Pants,https://www.westside.com/collections/woman-western-wear-new-in/products/lov-dull-pink-palmer-ribbed-pants-300848594
1610386458,https://cdn.shopify.com/s/files/1/0266/6276/4597/products/100001_300848593_001_1_800x.jpg?v=1610386458,LOV Sage Green Palmer Ribbed Pants,https://www.westside.com/collections/woman-western-wear-new-in/products/lov-sage-green-palmer-ribbed-pants-300848593
1610386409,https://cdn.shopify.com/s/files/1/0266/6276/4597/products/100001_300848588_065_1_800x.jpg?v=1610386409,LOV Sage Green Kelly Pants,https://www.westside.com/collections/woman-western-wear-new-in/products/lov-sage-green-kelly-pants-300848588
1610016330,https://cdn.shopify.com/s/files/1/0266/6276/4597/products/100001_300846572_045_1_800x.jpg?v=1610016330,Gia Curves Lilac Pants,https://www.westside.com/collections/woman-western-wear-new-in/products/gia-curves-lilac-pants-300846572
1608734510,https://cdn.shopify.com/s/files/1/0266/6276/4597/products/100001_300848592_045_1_800x.jpg?v=1608734510,LOV Lavender Flared Crop Pants with Belt,https://www.westside.com/collections/woman-western-wear-new-in/products/lov-lavender-flared-crop-pants-with-belt-300848592
1608648394,https://cdn.shopify.com/s/files/1/0266/6276/4597/products/100001_300846156_078_1_800x.jpg?v=1608648394,Nuon Mustard High-Waist Flared Pants,https://www.westside.com/collections/woman-western-wear-new-in/products/nuon-mustard-high-waist-flared-pants-300846156
1608548609,https://cdn.shopify.com/s/files/1/0266/6276/4597/products/100001_300846768_071_1_319b3e31-c109-4a4f-a8a9-162752648ef5_800x.jpg?v=1608548609,Nuon Peach Corduroy Flared Pants with Belt,https://www.westside.com/collections/woman-western-wear-new-in/products/nuon-peach-corduroy-flared-pants-with-belt-300846768
1615201076,https://cdn.shopify.com/s/files/1/0266/6276/4597/products/100001_300844140_002_2_ebb8e97a-115f-462d-af30-bca899c25fd4_800x.jpg?v=1615201076,Wardrobe Black Houndstooth Athena Ponte Pants,https://www.westside.com/collections/woman-western-wear-new-in/products/wardrobe-black-houndstooth-athena-ponte-pants-300844140
1605116183,https://cdn.shopify.com/s/files/1/0266/6276/4597/products/100001_300844139_002_1_800x.jpg?v=1605116183,Wardrobe Black Striped Athena Ponte Pants,https://www.westside.com/collections/woman-western-wear-new-in/products/wardrobe-black-striped-athena-ponte-pants-300844139
1605116169,https://cdn.shopify.com/s/files/1/0266/6276/4597/products/100001_300844138_020_1_800x.jpg?v=1605116169,Wardrobe Dark Navy Theo Ponte Pants,https://www.westside.com/collections/woman-western-wear-new-in/products/wardrobe-dark-navy-theo-ponte-pants-300844138
1605116153,https://cdn.shopify.com/s/files/1/0266/6276/4597/products/100001_300844137_002_1_800x.jpg?v=1605116153,Wardrobe Black Theo Ponte Pants,https://www.westside.com/collections/woman-western-wear-new-in/products/wardrobe-black-theo-ponte-pants-300844137
1602867938,https://cdn.shopify.com/s/files/1/0266/6276/4597/products/100001_300843640_061_1_800x.jpg?v=1602867938,Nuon Rust Tyler Paperbag Cargo Pants,https://www.westside.com/collections/woman-western-wear-new-in/products/nuon-rust-tyler-paperbag-cargo-pants-300843640
1602867926,https://cdn.shopify.com/s/files/1/0266/6276/4597/products/100001_300843639_071_1_800x.jpg?v=1602867926,Nuon Pink Tyler Paperbag Cargo Pants,https://www.westside.com/collections/woman-western-wear-new-in/products/nuon-pink-tyler-paperbag-cargo-pants-300843639
1603293919,https://cdn.shopify.com/s/files/1/0266/6276/4597/products/100001_300842235_069_1_800x.jpg?v=1603293919,Nuon Olive Denim Paperbag Pants With Belt,https://www.westside.com/collections/woman-western-wear-new-in/products/nuon-olive-denim-paperbag-pants-with-belt-300842235
1616144562,https://cdn.shopify.com/s/files/1/0266/6276/4597/products/100001_300851095_092_1_800x.jpg?v=1616144562,Nuon White Floral Embroidered Casual Shirt,https://www.westside.com/collections/woman-western-wear-new-in/products/nuon-white-floral-embroidered-casual-shirt-300851095
1616144562,https://cdn.shopify.com/s/files/1/0266/6276/4597/products/100001_300851093_042_1_800x.jpg?v=1616144562,Nuon Mint Cropped Casual Shirt,https://www.westside.com/collections/woman-western-wear-new-in/products/nuon-mint-cropped-casual-shirt-300851093
1616144546,https://cdn.shopify.com/s/files/1/0266/6276/4597/products/100001_300850345_060_1_800x.jpg?v=1616144546,Nuon White Colour-Blocked Crop Casual Shirt,https://www.westside.com/collections/woman-western-wear-new-in/products/nuon-white-colour-blocked-crop-casual-shirt-300850345
1616144538,https://cdn.shopify.com/s/files/1/0266/6276/4597/products/100001_300850344_060_1_800x.jpg?v=1616144538,Nuon Blue Corduroy Wesley Shirt,https://www.westside.com/collections/woman-western-wear-new-in/products/nuon-blue-corduroy-wesley-shirt-300850344
1616142680,https://cdn.shopify.com/s/files/1/0266/6276/4597/products/100001_300851727_071_1_800x.jpg?v=1616142680,Gia Curves Pink Octavia Shirt,https://www.westside.com/collections/woman-western-wear-new-in/products/gia-curves-pink-octavia-shirt-300851727
1616142676,https://cdn.shopify.com/s/files/1/0266/6276/4597/products/100001_300851726_001_1_800x.jpg?v=1616142676,Gia Curves Sage Octavia Shirt,https://www.westside.com/collections/woman-western-wear-new-in/products/gia-curves-sage-octavia-shirt-300851726
1615581331,https://cdn.shopify.com/s/files/1/0266/6276/4597/products/100001_300851310_060_1_800x.jpg?v=1615581331,Gia Curves Blue Denim Shirt,https://www.westside.com/collections/woman-western-wear-new-in/products/gia-curves-blue-denim-shirt-300851310
1613130216,https://cdn.shopify.com/s/files/1/0266/6276/4597/products/100001_300851725_092_1_800x.jpg?v=1613130216,Gia Curves White Striped Dora Shirt,https://www.westside.com/collections/woman-western-wear-new-in/products/gia-curves-white-striped-dora-shirt-300851725
1610386238,https://cdn.shopify.com/s/files/1/0266/6276/4597/products/100001_300847333_002_1_800x.jpg?v=1610386238,LOV Brown Mia High-Low Casual Shirt,https://www.westside.com/collections/woman-western-wear-new-in/products/lov-brown-mia-high-low-casual-shirt-300847333
1610386192,https://cdn.shopify.com/s/files/1/0266/6276/4597/products/100001_300846341_050_1_800x.jpg?v=1610386192,LOV Peach Una High-Low Casual Shirt,https://www.westside.com/collections/woman-western-wear-new-in/products/lov-peach-una-high-low-casual-shirt-300846341
1610386173,https://cdn.shopify.com/s/files/1/0266/6276/4597/products/100001_300846340_045_1_800x.jpg?v=1610386173,LOV Lavender Una High-Low Casual Shirt,https://www.westside.com/collections/woman-western-wear-new-in/products/lov-lavender-una-high-low-casual-shirt-300846340
1606137793,https://cdn.shopify.com/s/files/1/0266/6276/4597/products/100001_300843638_042_1_800x.jpg?v=1606137793,Nuon Mint Green Ribbed Cropped Shirt,https://www.westside.com/collections/woman-western-wear-new-in/products/nuon-mint-green-ribbed-cropped-shirt-300843638
1605684676,https://cdn.shopify.com/s/files/1/0266/6276/4597/products/100001_300844505_002_1_800x.jpg?v=1605684676,Gia Curves Black Checked Alexa Casual Shirt,https://www.westside.com/collections/woman-western-wear-new-in/products/gia-curves-black-checked-alexa-casual-shirt-300844505
1605116430,https://cdn.shopify.com/s/files/1/0266/6276/4597/products/100001_300842943_068_1_800x.jpg?v=1605116430,Wardrobe Navy Quinny Formal Shirt,https://www.westside.com/collections/woman-western-wear-new-in/products/wardrobe-navy-quinny-formal-shirt-300842943
1604412021,https://cdn.shopify.com/s/files/1/0266/6276/4597/products/100001_300843637_071_1_f7d357ac-b83f-4e09-9aa7-da80a5a3f5f0_800x.jpg?v=1604412021,Nuon Pink Pure Cotton Corduroy Shirt,https://www.westside.com/collections/woman-western-wear-new-in/products/nuon-pink-pure-cotton-corduroy-shirt-300843637
1603813905,https://cdn.shopify.com/s/files/1/0266/6276/4597/products/100001_300844510_068_1_800x.jpg?v=1603813905,Gia Curves White Striped Shirt,https://www.westside.com/collections/woman-western-wear-new-in/products/gia-curves-white-striped-shirt-300844510
1603791458,https://cdn.shopify.com/s/files/1/0266/6276/4597/products/100001_300843571_073_1_800x.jpg?v=1603791458,Gia Curves Westside Peach Panel Detailed Shirt,https://www.westside.com/collections/woman-western-wear-new-in/products/gia-curves-westside-peach-panel-detailed-shirt-300843571
1603791409,https://cdn.shopify.com/s/files/1/0266/6276/4597/products/100001_300842906_039_1_800x.jpg?v=1603791409,Nuon Blue Tonal Pattern Cropped Shirt,https://www.westside.com/collections/woman-western-wear-new-in/products/nuon-blue-tonal-pattern-cropped-shirt-300842906
1602761265,https://cdn.shopify.com/s/files/1/0266/6276/4597/products/100001_300844142_065_1_800x.jpg?v=1602761265,LOV Khaki Striped Casual Shirt,https://www.westside.com/collections/woman-western-wear-new-in/products/lov-khaki-striped-casual-shirt-300844142
1601565107,https://cdn.shopify.com/s/files/1/0266/6276/4597/products/100001_300843569_073_1_800x.jpg?v=1601565107,Gia Curves Red Striped Pixo Casual Shirt,https://www.westside.com/collections/woman-western-wear-new-in/products/gia-curves-red-striped-pixo-casual-shirt-300843569
1601565059,https://cdn.shopify.com/s/files/1/0266/6276/4597/products/100001_300843565_068_1_800x.jpg?v=1601565059,Gia Curves Navy Casual Shirt,https://www.westside.com/collections/woman-western-wear-new-in/products/gia-curves-navy-casual-shirt-300843565
1601294219,https://cdn.shopify.com/s/files/1/0266/6276/4597/products/100001_300834792_073_1_800x.jpg?v=1601294219,LOV Red High-Low Checkered Shirt,https://www.westside.com/collections/woman-western-wear-new-in/products/lov-red-high-low-checkered-shirt-300834792
1603963956,https://cdn.shopify.com/s/files/1/0266/6276/4597/products/100001_300842857_025_1_b2165ca3-ddf4-4af4-acc0-76931dbf7040_800x.jpg?v=1603963956,Wardrobe Multicoloured Checkered Musk Shirt,https://www.westside.com/collections/woman-western-wear-new-in/products/wardrobe-multicoloured-checkered-musk-shirt-300842857
1603553490,https://cdn.shopify.com/s/files/1/0266/6276/4597/products/100001_300836849_002_1_6d05972f-07c3-48ef-a887-6e8a872aa6b7_800x.jpg?v=1603553490,Wardrobe Black Pleated-Back Shirt,https://www.westside.com/collections/woman-western-wear-new-in/products/wardrobe-black-pleated-back-shirt-300836849
1603553530,https://cdn.shopify.com/s/files/1/0266/6276/4597/products/100001_300836840_002_1_b126822f-1625-4f1d-a486-95788696f6a2_800x.jpg?v=1603553530,Wardrobe Black Checked Molly Shirt,https://www.westside.com/collections/woman-western-wear-new-in/products/wardrobe-black-checked-molly-shirt-300836840
1603553656,https://cdn.shopify.com/s/files/1/0266/6276/4597/products/100001_300835795_039_1_7e939af7-bebb-4470-b88b-c6e6ea81d1eb_800x.jpg?v=1603553656,Wardrobe Light Blue Nancy Shirt,https://www.westside.com/collections/woman-western-wear-new-in/products/wardrobe-light-blue-nancy-shirt-300835795
1603553671,https://cdn.shopify.com/s/files/1/0266/6276/4597/products/100001_300835794_071_1_98e22a5f-2289-4d25-9ce2-8b299ffe15af_800x.jpg?v=1603553671,Wardrobe Mauve Lucy Shirt,https://www.westside.com/collections/woman-western-wear-new-in/products/wardrobe-mauve-lucy-shirt-300835794
1603553734,https://cdn.shopify.com/s/files/1/0266/6276/4597/products/100001_300834427_031_1_0f128c97-5f89-45dc-a119-96d6df85d247_800x.jpg?v=1603553734,Wardrobe Beige Striped Agnus Shirt,https://www.westside.com/collections/woman-western-wear-new-in/products/wardrobe-beige-striped-agnus-shirt-300834427
1599578902,https://cdn.shopify.com/s/files/1/0266/6276/4597/products/100001_300834961_042_1_800x.jpg?v=1599578902,Gia Curves Mint Green Embroidered Casual Shirt,https://www.westside.com/collections/woman-western-wear-new-in/products/gia-curves-mint-green-embroidered-casual-shirt-300834961
1599578797,https://cdn.shopify.com/s/files/1/0266/6276/4597/products/100001_300834945_042_1_800x.jpg?v=1599578797,Gia Curves Dark Green Nora Casual Shirt,https://www.westside.com/collections/woman-western-wear-new-in/products/gia-curves-dark-green-nora-casual-shirt-300834945
1599578779,https://cdn.shopify.com/s/files/1/0266/6276/4597/products/100001_300834944_078_1_800x.jpg?v=1599578779,Gia Curves Mustard Printed High-Low Casual Shirt,https://www.westside.com/collections/woman-western-wear-new-in/products/gia-curves-mustard-printed-high-low-casual-shirt-300834944
1598454895,https://cdn.shopify.com/s/files/1/0266/6276/4597/products/100001_300836250_078_1_800x.jpg?v=1598454895,LOV Ochre Checkered Casual Shirt,https://www.westside.com/collections/woman-western-wear-new-in/products/lov-ochre-checkered-casual-shirt-300836250
1598454881,https://cdn.shopify.com/s/files/1/0266/6276/4597/products/100001_300836249_068_1_800x.jpg?v=1598454881,LOV Multicoloured Checked High-Low Casual Shirt,https://www.westside.com/collections/woman-western-wear-new-in/products/lov-multicoloured-checked-high-low-casual-shirt-300836249
1584704190,https://cdn.shopify.com/s/files/1/0266/6276/4597/products/100001_300830544001_1_800x.jpg?v=1584704190,Wardrobe White Striped Formal Shirt,https://www.westside.com/collections/woman-western-wear-new-in/products/wardrobe-white-striped-formal-shirt-300830544
1584704172,https://cdn.shopify.com/s/files/1/0266/6276/4597/products/100001_300830206001_1_800x.jpg?v=1584704172,Wardrobe Blue Formal Shirt,https://www.westside.com/collections/woman-western-wear-new-in/products/wardrobe-blue-formal-shirt-300830206
1610120095,https://cdn.shopify.com/s/files/1/0266/6276/4597/products/100001_300847484_092_1_800x.jpg?v=1610120095,LOV White Faux-Fur Sweater,https://www.westside.com/collections/woman-western-wear-new-in/products/lov-white-faux-fur-sweater-300847484
1602760475,https://cdn.shopify.com/s/files/1/0266/6276/4597/products/100001_300841683_092_1_800x.jpg?v=1602760475,LOV White Faux-Fur Detailed Sweater,https://www.westside.com/collections/woman-western-wear-new-in/products/lov-white-faux-fur-detailed-sweater-300841683
1618639957,https://cdn.shopify.com/s/files/1/0266/6276/4597/products/100001_300855843_039_1_800x.jpg?v=1618639957,Studiofit Aqua Text Print T-Shirt,https://www.westside.com/collections/woman-western-wear-new-in/products/studiofit-aqua-text-print-t-shirt-300855843
1618639952,https://cdn.shopify.com/s/files/1/0266/6276/4597/products/100001_300855839_042_1_800x.jpg?v=1618639952,Studiofit Sage Text Print Crop T-Shirt,https://www.westside.com/collections/woman-western-wear-new-in/products/studiofit-sage-text-print-crop-t-shirt-300855839
1618639951,https://cdn.shopify.com/s/files/1/0266/6276/4597/products/100001_300855833_042_1_800x.jpg?v=1618639951,Studiofit Mint Text Print Crop T-Shirt,https://www.westside.com/collections/woman-western-wear-new-in/products/studiofit-mint-text-print-crop-t-shirt-300855833
1618639869,https://cdn.shopify.com/s/files/1/0266/6276/4597/products/100001_300855165_042_1_800x.jpg?v=1618639869,Sassy Soda Curves Mint Text Print Ronnie T-Shirt,https://www.westside.com/collections/woman-western-wear-new-in/products/sassy-soda-curves-mint-text-print-ronnie-t-shirt-300855165
1617796020,https://cdn.shopify.com/s/files/1/0266/6276/4597/products/2050026520509_1_800x.jpg?v=1617796020,Studiofit Multicolour Colour-Block Crop T-Shirt,https://www.westside.com/collections/woman-western-wear-new-in/products/studiofit-multicolour-colour-block-crop-t-shirt-300855830
1617304102,https://cdn.shopify.com/s/files/1/0266/6276/4597/products/100001_300861736_069_1_800x.jpg?v=1617304102,Gia Curves Olive Floral Print Bella T-Shirt,https://www.westside.com/collections/woman-western-wear-new-in/products/gia-curves-olive-floral-print-bella-t-shirt-300861736
1617304085,https://cdn.shopify.com/s/files/1/0266/6276/4597/products/100001_300855841_050_1_800x.jpg?v=1617304085,Studiofit Peach Text Printed Power T-Shirt,https://www.westside.com/collections/woman-western-wear-new-in/products/studiofit-peach-text-printed-power-t-shirt-300855841
1617304082,https://cdn.shopify.com/s/files/1/0266/6276/4597/products/100001_300855840_042_1_800x.jpg?v=1617304082,Studiofit Mint Text Printed Power T-Shirt,https://www.westside.com/collections/woman-western-wear-new-in/products/studiofit-mint-text-printed-power-t-shirt-300855840
1617304072,https://cdn.shopify.com/s/files/1/0266/6276/4597/products/100001_300855838_064_1_800x.jpg?v=1617304072,Studiofit Grey Melange Printed Crop T-Shirt,https://www.westside.com/collections/woman-western-wear-new-in/products/studiofit-grey-melange-printed-crop-t-shirt-300855838
1617304073,https://cdn.shopify.com/s/files/1/0266/6276/4597/products/100001_300855827_016_1_800x.jpg?v=1617304073,Studiofit Charcoal Text Printed T-Shirt,https://www.westside.com/collections/woman-western-wear-new-in/products/studiofit-charcoal-text-printed-t-shirt-300855827
1617304069,https://cdn.shopify.com/s/files/1/0266/6276/4597/products/100001_300855156_045_1_800x.jpg?v=1617304069,Sassy Soda Curves Lilac Text Printed T-Shirt,https://www.westside.com/collections/woman-western-wear-new-in/products/sassy-soda-curves-lilac-text-printed-t-shirt-300855156
1617304058,https://cdn.shopify.com/s/files/1/0266/6276/4597/products/100001_300855150_045_1_800x.jpg?v=1617304058,Sassy Soda Curves Lilac Printed Hooded T-Shirt,https://www.westside.com/collections/woman-western-wear-new-in/products/sassy-soda-curves-lilac-printed-hooded-t-shirt-300855150
1616771684,https://cdn.shopify.com/s/files/1/0266/6276/4597/products/100001_300855287_039_1_800x.jpg?v=1616771684,LOV Mint Text Design Sherry T-Shirt,https://www.westside.com/collections/woman-western-wear-new-in/products/lov-mint-text-design-sherry-t-shirt-300855287
1616771682,https://cdn.shopify.com/s/files/1/0266/6276/4597/products/100001_300855286_092_1_800x.jpg?v=1616771682,LOV White Pure Cotton T-Shirt,https://www.westside.com/collections/woman-western-wear-new-in/products/lov-white-pure-cotton-t-shirt-300855286
1616771681,https://cdn.shopify.com/s/files/1/0266/6276/4597/products/100001_300855285_023_1_800x.jpg?v=1616771681,LOV Pink Text Design Sherry T-Shirt,https://www.westside.com/collections/woman-western-wear-new-in/products/lov-pink-text-design-sherry-t-shirt-300855285
1616771672,https://cdn.shopify.com/s/files/1/0266/6276/4597/products/100001_300855284_023_1_800x.jpg?v=1616771672,LOV Peach Text Print T-Shirt,https://www.westside.com/collections/woman-western-wear-new-in/products/lov-peach-text-print-t-shirt-300855284
1616771671,https://cdn.shopify.com/s/files/1/0266/6276/4597/products/100001_300855255_092_1_800x.jpg?v=1616771671,LOV White Pure Cotton Text Pattern T-Shirt,https://www.westside.com/collections/woman-western-wear-new-in/products/lov-white-pure-cotton-text-pattern-t-shirt-300855255
1616143000,https://cdn.shopify.com/s/files/1/0266/6276/4597/products/100001_300851645_035_1_800x.jpg?v=1616143000,Studiofit Grey Text Print T-Shirt,https://www.westside.com/collections/woman-western-wear-new-in/products/studiofit-grey-text-print-t-shirt-300851645
1616142991,https://cdn.shopify.com/s/files/1/0266/6276/4597/products/100001_300851640_070_1_800x.jpg?v=1616142991,Studiofit Multicolour Brushstroke Print T-Shirt,https://www.westside.com/collections/woman-western-wear-new-in/products/studiofit-multicolour-brushstroke-print-t-shirt-300851640
1616142748,https://cdn.shopify.com/s/files/1/0266/6276/4597/products/100001_300853780_039_1_800x.jpg?v=1616142748,Sassy Soda Curves Blue Ribbed Letty T-Shirt,https://www.westside.com/collections/woman-western-wear-new-in/products/sassy-soda-curves-blue-ribbed-letty-t-shirt-300853780
1616142683,https://cdn.shopify.com/s/files/1/0266/6276/4597/products/100001_300851740_092_1_800x.jpg?v=1616142683,Gia Curves Grey Striped Chase T-Shirt,https://www.westside.com/collections/woman-western-wear-new-in/products/gia-curves-grey-striped-chase-t-shirt-300851740
1616142664,https://cdn.shopify.com/s/files/1/0266/6276/4597/products/100001_300851665_050_1_800x.jpg?v=1616142664,Sassy Soda Curves Pink Tie-Dye Design T-Shirt,https://www.westside.com/collections/woman-western-wear-new-in/products/sassy-soda-curves-pink-tie-dye-design-t-shirt-300851665
1616142661,https://cdn.shopify.com/s/files/1/0266/6276/4597/products/100001_300851663_082_1_800x.jpg?v=1616142661,Sassy Soda Curves White Text Design T-Shirt,https://www.westside.com/collections/woman-western-wear-new-in/products/sassy-soda-curves-white-text-design-t-shirt-300851663
1615581408,https://cdn.shopify.com/s/files/1/0266/6276/4597/products/100001_300851822_002_1_800x.jpg?v=1615581408,Gia Curves Black Ribbed Hardware Design T-Shirt,https://www.westside.com/collections/woman-western-wear-new-in/products/gia-curves-black-ribbed-hardware-design-t-shirt-300851822
1615581399,https://cdn.shopify.com/s/files/1/0266/6276/4597/products/100001_300851751_071_1_800x.jpg?v=1615581399,Gia Curves Pink Floral Bella T-Shirt,https://www.westside.com/collections/woman-western-wear-new-in/products/gia-curves-pink-floral-bella-t-shirt-300851751
1615581397,https://cdn.shopify.com/s/files/1/0266/6276/4597/products/100001_300851748_025_1_800x.jpg?v=1615581397,Gia Curves Maroon Striped Kane T-Shirt,https://www.westside.com/collections/woman-western-wear-new-in/products/gia-curves-maroon-striped-kane-t-shirt-300851748
1615581394,https://cdn.shopify.com/s/files/1/0266/6276/4597/products/100001_300851741_001_1_800x.jpg?v=1615581394,Gia Curves Anthra Zip Design T-Shirt,https://www.westside.com/collections/woman-western-wear-new-in/products/gia-curves-anthra-zip-design-t-shirt-300851741
1615581359,https://cdn.shopify.com/s/files/1/0266/6276/4597/products/100001_300851662_082_1_800x.jpg?v=1615581359,Sassy Soda Curves White Striped Cotton T-Shirt,https://www.westside.com/collections/woman-western-wear-new-in/products/sassy-soda-curves-white-striped-cotton-t-shirt-300851662
1615581357,https://cdn.shopify.com/s/files/1/0266/6276/4597/products/100001_300851661_002_1_800x.jpg?v=1615581357,Sassy Soda Curves Black Printed Eddy T-Shirt,https://www.westside.com/collections/woman-western-wear-new-in/products/sassy-soda-curves-black-printed-eddy-t-shirt-300851661
1615581181,https://cdn.shopify.com/s/files/1/0266/6276/4597/products/100001_300851644_002_1_800x.jpg?v=1615581181,Studiofit Black Printed T-Shirt,https://www.westside.com/collections/woman-western-wear-new-in/products/studiofit-black-printed-t-shirt-300851644
1615581168,https://cdn.shopify.com/s/files/1/0266/6276/4597/products/100001_300851643_045_1_800x.jpg?v=1615581168,Studiofit Lilac Text Printed Cotton T-Shirt,https://www.westside.com/collections/woman-western-wear-new-in/products/studiofit-lilac-text-printed-cotton-t-shirt-300851643
1615581165,https://cdn.shopify.com/s/files/1/0266/6276/4597/products/100001_300851642_065_1_800x.jpg?v=1615581165,Studiofit Olive Text Patterned T-Shirt,https://www.westside.com/collections/woman-western-wear-new-in/products/studiofit-olive-text-patterned-t-shirt-300851642
1615487362,https://cdn.shopify.com/s/files/1/0266/6276/4597/products/100001_300848927_002_1_800x.jpg?v=1615487362,Studiofit Black Holographic Text Pattern T-Shirt,https://www.westside.com/collections/woman-western-wear-new-in/products/studiofit-black-holographic-text-pattern-t-shirt-300848927
1615486870,https://cdn.shopify.com/s/files/1/0266/6276/4597/products/100001_300851120_071_1_800x.jpg?v=1615486870,Nuon Multicolour Striped Adora Crop T-Shirt,https://www.westside.com/collections/woman-western-wear-new-in/products/nuon-multicolour-striped-adora-crop-t-shirt-300851120
1614964956,https://cdn.shopify.com/s/files/1/0266/6276/4597/products/100001_300851747_068_1_800x.jpg?v=1614964956,Gia Curves Navy Crochet Zeena T-Shirt,https://www.westside.com/collections/woman-western-wear-new-in/products/gia-curves-navy-crochet-zeena-t-shirt-300851747
1618640742,https://cdn.shopify.com/s/files/1/0266/6276/4597/products/100001_300855754_050_1_800x.jpg?v=1618640742,Gia Peach Crotchet Peasant Top,https://www.westside.com/collections/woman-western-wear-new-in/products/gia-peach-crotchet-peasant-top-300855754
1618640744,https://cdn.shopify.com/s/files/1/0266/6276/4597/products/100001_300855753_042_1_800x.jpg?v=1618640744,Gia Lime Schiffli Peasant Top,https://www.westside.com/collections/woman-western-wear-new-in/products/gia-lime-schiffli-peasant-top-300855753
1618640743,https://cdn.shopify.com/s/files/1/0266/6276/4597/products/100001_300855764_071_1_800x.jpg?v=1618640743,Gia Dusty Pink Patterned Peasant Top,https://www.westside.com/collections/woman-western-wear-new-in/products/gia-dusty-pink-patterned-peasant-top-300855764
1618639902,https://cdn.shopify.com/s/files/1/0266/6276/4597/products/100001_300855796_092_1_800x.jpg?v=1618639902,Gia Curves White And Turquoise Printed Gail Top,https://www.westside.com/collections/woman-western-wear-new-in/products/gia-curves-white-and-turquoise-printed-gail-top-300855796
1618639897,https://cdn.shopify.com/s/files/1/0266/6276/4597/products/100001_300855790_069_1_800x.jpg?v=1618639897,Gia Curves Olive Embroidered Bae Top,https://www.westside.com/collections/woman-western-wear-new-in/products/gia-curves-olive-embroidered-bae-top-300855790
1618639893,https://cdn.shopify.com/s/files/1/0266/6276/4597/products/100001_300855765_082_1_800x.jpg?v=1618639893,Gia Curves Beige Embroidered Peasant Top,https://www.westside.com/collections/woman-western-wear-new-in/products/gia-curves-beige-embroidered-peasant-top-300855765
1618639706,https://cdn.shopify.com/s/files/1/0266/6276/4597/products/100001_300855789_068_1_800x.jpg?v=1618639706,Gia Curves Navy Layered Top,https://www.westside.com/collections/woman-western-wear-new-in/products/gia-curves-navy-layered-top-300855789
1616143358,https://cdn.shopify.com/s/files/1/0266/6276/4597/products/100001_300851749_092_1_800x.jpg?v=1616143358,Gia Curves White Broderie Anglaise Pattern Top,https://www.westside.com/collections/woman-western-wear-new-in/products/gia-curves-white-broderie-anglaise-pattern-top-300851749
1616143295,https://cdn.shopify.com/s/files/1/0266/6276/4597/products/100001_300851115_042_1_800x.jpg?v=1616143295,Nuon Sage Green Ribbed Crop Top,https://www.westside.com/collections/woman-western-wear-new-in/products/nuon-sage-green-ribbed-crop-top-300851115
1615581538,https://cdn.shopify.com/s/files/1/0266/6276/4597/products/100001_300851750_081_1_800x.jpg?v=1615581538,Gia Curves Oat Melange Floral Print Bella Top,https://www.westside.com/collections/woman-western-wear-new-in/products/gia-curves-oat-melange-floral-print-bella-top-300851750
1615581460,https://cdn.shopify.com/s/files/1/0266/6276/4597/products/100001_300852913_073_1_800x.jpg?v=1615581460,LOV Brown Pink Ribbed Tie-Up Design Top,https://www.westside.com/collections/woman-western-wear-new-in/products/lov-brown-pink-ribbed-tie-up-design-top-300852913
1615581438,https://cdn.shopify.com/s/files/1/0266/6276/4597/products/100001_300854026_045_1_800x.jpg?v=1615581438,Sassy Soda curves Lilac Top,https://www.westside.com/collections/woman-western-wear-new-in/products/sassy-soda-curves-lilac-top-300854026
1615581420,https://cdn.shopify.com/s/files/1/0266/6276/4597/products/100001_300851825_042_1_800x.jpg?v=1615581420,Gia Curves Sage Green Cut Out Detailed Top,https://www.westside.com/collections/woman-western-wear-new-in/products/gia-curves-sage-green-cut-out-detailed-top-300851825
1615581415,https://cdn.shopify.com/s/files/1/0266/6276/4597/products/100001_300851824_092_1_800x.jpg?v=1615581415,Gia Curves White Crochet Detailed Top,https://www.westside.com/collections/woman-western-wear-new-in/products/gia-curves-white-crochet-detailed-top-300851824
1615581411,https://cdn.shopify.com/s/files/1/0266/6276/4597/products/100001_300851823_060_1_800x.jpg?v=1615581411,Gia Curves Dark Blue Lace Detailed Top,https://www.westside.com/collections/woman-western-wear-new-in/products/gia-curves-dark-blue-lace-detailed-top-300851823
1615581369,https://cdn.shopify.com/s/files/1/0266/6276/4597/products/100001_300851712_071_1_800x.jpg?v=1615581369,Gia Curves Pink Floral Embroidered Top,https://www.westside.com/collections/woman-western-wear-new-in/products/gia-curves-pink-floral-embroidered-top-300851712
1615581368,https://cdn.shopify.com/s/files/1/0266/6276/4597/products/100001_300851710_082_1_800x.jpg?v=1615581368,Gia Curves White Floral Embroidered Top,https://www.westside.com/collections/woman-western-wear-new-in/products/gia-curves-white-floral-embroidered-top-300851710
1615581363,https://cdn.shopify.com/s/files/1/0266/6276/4597/products/100001_300851704_059_1_800x.jpg?v=1615581363,Gia Curves Beige Floral Patterned Top,https://www.westside.com/collections/woman-western-wear-new-in/products/gia-curves-beige-floral-patterned-top-300851704
1615581356,https://cdn.shopify.com/s/files/1/0266/6276/4597/products/100001_300851621_060_1_800x.jpg?v=1615581356,Gia Curves Blue Self-Patterned Top,https://www.westside.com/collections/woman-western-wear-new-in/products/gia-curves-blue-self-patterned-top-300851621
1615581344,https://cdn.shopify.com/s/files/1/0266/6276/4597/products/100001_300851414_002_1_800x.jpg?v=1615581344,Sassy Soda Curves Black Printed Hooded Top,https://www.westside.com/collections/woman-western-wear-new-in/products/sassy-soda-curves-black-printed-hooded-top-300851414
1615581345,https://cdn.shopify.com/s/files/1/0266/6276/4597/products/100001_300851618_001_1_800x.jpg?v=1615581345,Gia Curves Sage Green Shimmer Detailed Top,https://www.westside.com/collections/woman-western-wear-new-in/products/gia-curves-sage-green-shimmer-detailed-top-300851618
1610387065,https://cdn.shopify.com/s/files/1/0266/6276/4597/products/100001_300848595_078_1_800x.jpg?v=1610387065,LOV Mustard V-Neck Top,https://www.westside.com/collections/woman-western-wear-new-in/products/lov-mustard-v-neck-top-300848595
1608648274,https://cdn.shopify.com/s/files/1/0266/6276/4597/products/100001_300846057_071_1_800x.jpg?v=1608648274,Nuon Peach Rosanne Top with Camisole,https://www.westside.com/collections/woman-western-wear-new-in/products/nuon-peach-rosanne-top-with-camisole-300846057
1608648198,https://cdn.shopify.com/s/files/1/0266/6276/4597/products/100001_300844867_045_1_800x.jpg?v=1608648198,Nuon Lavender Dary Cropped Top,https://www.westside.com/collections/woman-western-wear-new-in/products/nuon-lavender-dary-cropped-top-300844867
1608648153,https://cdn.shopify.com/s/files/1/0266/6276/4597/products/100001_300834748_068_1_800x.jpg?v=1608648153,Nuon Navy Floral Print Crepe Top,https://www.westside.com/collections/woman-western-wear-new-in/products/nuon-navy-floral-print-crepe-top-300834748
1606217249,https://cdn.shopify.com/s/files/1/0266/6276/4597/products/100001_300844551_068_1_8a25244b-5af7-4465-9dcd-ed98e8de6b38_800x.jpg?v=1606217249,Gia Curves Navy Striped Top,https://www.westside.com/collections/woman-western-wear-new-in/products/gia-curves-navy-striped-top-300844551
1606217238,https://cdn.shopify.com/s/files/1/0266/6276/4597/products/100001_300844506_002_1_f2fceb3c-4746-4c42-9acc-ca73ba6dcc34_800x.jpg?v=1606217238,Gia Curves Black Top,https://www.westside.com/collections/woman-western-wear-new-in/products/gia-curves-black-top-300844506
1606137868,https://cdn.shopify.com/s/files/1/0266/6276/4597/products/100001_300844572_042_1_800x.jpg?v=1606137868,Gia Curves Dark Green Houndstooth Print Top,https://www.westside.com/collections/woman-western-wear-new-in/products/gia-curves-dark-green-houndstooth-print-top-300844572
1606137856,https://cdn.shopify.com/s/files/1/0266/6276/4597/products/100001_300844571_073_1_800x.jpg?v=1606137856,Gia Curves Rust Floral Printed Cotton Top,https://www.westside.com/collections/woman-western-wear-new-in/products/gia-curves-rust-floral-printed-cotton-top-300844571
1606137844,https://cdn.shopify.com/s/files/1/0266/6276/4597/products/100001_300844569_045_1_800x.jpg?v=1606137844,Gia Curves Lavender Leaf Patterned Top,https://www.westside.com/collections/woman-western-wear-new-in/products/gia-curves-lavender-leaf-patterned-top-300844569
1606137818,https://cdn.shopify.com/s/files/1/0266/6276/4597/products/100001_300844553_078_1_800x.jpg?v=1606137818,Gia Curves Mustard Striped Tunic,https://www.westside.com/collections/woman-western-wear-new-in/products/gia-curves-mustard-striped-tunic-300844553
1606137805,https://cdn.shopify.com/s/files/1/0266/6276/4597/products/100001_300844511_068_1_800x.jpg?v=1606137805,Gia Curves White Geometrical Print High-Low Top,https://www.westside.com/collections/woman-western-wear-new-in/products/gia-curves-white-geometrical-print-high-low-top-300844511
1606478584,https://cdn.shopify.com/s/files/1/0266/6276/4597/products/2050025995384_800x.jpg?v=1606478584,Sassy Soda Curves Black Sequinned Top,https://www.westside.com/collections/woman-western-wear-new-in/products/sassy-soda-curves-black-sequinned-top-300844437
1605684747,https://cdn.shopify.com/s/files/1/0266/6276/4597/products/100001_300844568_082_1_800x.jpg?v=1605684747,Gia Curves Multicolour Stripe Patterned Top,https://www.westside.com/collections/woman-western-wear-new-in/products/gia-curves-multicolour-stripe-patterned-top-300844568
1605684736,https://cdn.shopify.com/s/files/1/0266/6276/4597/products/100001_300844565_002_1_800x.jpg?v=1605684736,Gia Curves Black Round-Neck Top,https://www.westside.com/collections/woman-western-wear-new-in/products/gia-curves-black-round-neck-top-300844565
1619106474,https://cdn.shopify.com/s/files/1/0266/6276/4597/products/100001_300855944_092_2_800x.jpg?v=1619106474,Wardrobe Grey Houndstooth Theo Ponte Pants,https://www.westside.com/collections/woman-western-wear-new-in/products/wardrobe-grey-houndstooth-theo-ponte-pants-300855944
1615487566,https://cdn.shopify.com/s/files/1/0266/6276/4597/products/100001_300855055_064_1_800x.jpg?v=1615487566,Wardrobe Grey Kori Checkered Kori Trousers,https://www.westside.com/collections/woman-western-wear-new-in/products/wardrobe-grey-kori-checkered-kori-trousers-300855055
1615487480,https://cdn.shopify.com/s/files/1/0266/6276/4597/products/100001_300851677_036_1_800x.jpg?v=1615487480,Wardrobe Indigo Wide-Leg Trousers,https://www.westside.com/collections/woman-western-wear-new-in/products/wardrobe-indigo-wide-leg-trousers-300851677
1615487475,https://cdn.shopify.com/s/files/1/0266/6276/4597/products/100001_300851676_089_1_800x.jpg?v=1615487475,Wardrobe Tan Wide-Leg Trousers,https://www.westside.com/collections/woman-western-wear-new-in/products/wardrobe-tan-wide-leg-trousers-300851676
1613134264,https://cdn.shopify.com/s/files/1/0266/6276/4597/products/100001_300850976_002_1_800x.jpg?v=1613134264,Wardrobe Black Bill Trousers,https://www.westside.com/collections/woman-western-wear-new-in/products/wardrobe-black-bill-trousers-300850976
1613134251,https://cdn.shopify.com/s/files/1/0266/6276/4597/products/100001_300850975_092_1_800x.jpg?v=1613134251,Wardrobe Black Houndstooth Print Athena Trousers,https://www.westside.com/collections/woman-western-wear-new-in/products/wardrobe-black-houndstooth-print-athena-trousers-300850975
1613134239,https://cdn.shopify.com/s/files/1/0266/6276/4597/products/100001_300850974_073_1_800x.jpg?v=1613134239,Wardrobe Black Checkered Athena Trousers,https://www.westside.com/collections/woman-western-wear-new-in/products/wardrobe-black-checkered-athena-trousers-300850974
1613134226,https://cdn.shopify.com/s/files/1/0266/6276/4597/products/100001_300850973_002_1_800x.jpg?v=1613134226,Wardrobe Black Striped Athena Trousers,https://www.westside.com/collections/woman-western-wear-new-in/products/wardrobe-black-striped-athena-trousers-300850973
1613131227,https://cdn.shopify.com/s/files/1/0266/6276/4597/products/100001_300852869_002_1_9697add2-d0e6-4190-a301-f5c14e95a73a_800x.jpg?v=1613131227,LOV Black Paperbag Cropped Trousers,https://www.westside.com/collections/woman-western-wear-new-in/products/lov-black-paperbag-cropped-trousers-300852869
1612526957,https://cdn.shopify.com/s/files/1/0266/6276/4597/products/100001_300848758_060_1_800x.jpg?v=1612526957,Gia Curves Blue Frayed Girlfriend Capris,https://www.westside.com/collections/woman-western-wear-new-in/products/gia-curves-blue-frayed-girlfriend-capris300848758
1609260444,https://cdn.shopify.com/s/files/1/0266/6276/4597/products/100001_300849051_002_1_800x.jpg?v=1609260444,Wardrobe Black Solid Trousers,https://www.westside.com/collections/woman-western-wear-new-in/products/wardrobe-black-solid-trousers-300849051
1609260115,https://cdn.shopify.com/s/files/1/0266/6276/4597/products/100001_300848411_029_1_800x.jpg?v=1609260115,Wardrobe Wine Solid Wide-Leg Trousers,https://www.westside.com/collections/woman-western-wear-new-in/products/wardrobe-wine-solid-wide-leg-trousers-300848411
1609260098,https://cdn.shopify.com/s/files/1/0266/6276/4597/products/100001_300848410_068_1_800x.jpg?v=1609260098,Wardrobe Navy Solid Wide-Leg Trousers,https://www.westside.com/collections/woman-western-wear-new-in/products/wardrobe-navy-solid-wide-leg-trousers-300848410
1606140250,https://cdn.shopify.com/s/files/1/0266/6276/4597/products/100001_300844924_002_1_800x.jpg?v=1606140250,Gia Curves Black Solid Cropped Palazzos,https://www.westside.com/collections/woman-western-wear-new-in/products/gia-curves-black-solid-cropped-palazzos-300844924
1606140239,https://cdn.shopify.com/s/files/1/0266/6276/4597/products/100001_300844923_069_1_c9bd1bfa-6498-418e-8979-03d947cfd0ad_800x.jpg?v=1606140239,Gia Curves Olive Solid Cropped Palazzos,https://www.westside.com/collections/woman-western-wear-new-in/products/gia-curves-olive-solid-cropped-palazzos-300844923
1615201076,https://cdn.shopify.com/s/files/1/0266/6276/4597/products/100001_300844140_002_2_ebb8e97a-115f-462d-af30-bca899c25fd4_800x.jpg?v=1615201076,Wardrobe Black Houndstooth Athena Ponte Pants,https://www.westside.com/collections/woman-western-wear-new-in/products/wardrobe-black-houndstooth-athena-ponte-pants-300844140
1605116598,https://cdn.shopify.com/s/files/1/0266/6276/4597/products/100001_300844136_092_1_800x.jpg?v=1605116598,Wardrobe White Checkered Athena Trousers,https://www.westside.com/collections/woman-western-wear-new-in/products/wardrobe-white-checkered-athena-trousers-300844136
1605116183,https://cdn.shopify.com/s/files/1/0266/6276/4597/products/100001_300844139_002_1_800x.jpg?v=1605116183,Wardrobe Black Striped Athena Ponte Pants,https://www.westside.com/collections/woman-western-wear-new-in/products/wardrobe-black-striped-athena-ponte-pants-300844139
1605116169,https://cdn.shopify.com/s/files/1/0266/6276/4597/products/100001_300844138_020_1_800x.jpg?v=1605116169,Wardrobe Dark Navy Theo Ponte Pants,https://www.westside.com/collections/woman-western-wear-new-in/products/wardrobe-dark-navy-theo-ponte-pants-300844138
1605116153,https://cdn.shopify.com/s/files/1/0266/6276/4597/products/100001_300844137_002_1_800x.jpg?v=1605116153,Wardrobe Black Theo Ponte Pants,https://www.westside.com/collections/woman-western-wear-new-in/products/wardrobe-black-theo-ponte-pants-300844137
1604411828,https://cdn.shopify.com/s/files/1/0266/6276/4597/products/100001_300843599_002_1_59cddadf-c5ab-42a9-86f3-92d62f984330_800x.jpg?v=1604411828,Studiofit Black Text Design Leggings,https://www.westside.com/collections/woman-western-wear-new-in/products/studiofit-black-text-design-leggings-300843599
1603791655,https://cdn.shopify.com/s/files/1/0266/6276/4597/products/100001_300843600_068_1_800x.jpg?v=1603791655,Studiofit Westside Black Text Printed Leggings,https://www.westside.com/collections/woman-western-wear-new-in/products/studiofit-westside-black-text-printed-leggings-300843600
1603791475,https://cdn.shopify.com/s/files/1/0266/6276/4597/products/100001_300843577_060_1_800x.jpg?v=1603791475,Gia Curves Blue Cropped Jeggings,https://www.westside.com/collections/woman-western-wear-new-in/products/gia-curves-blue-cropped-jeggings-300843577
1602867938,https://cdn.shopify.com/s/files/1/0266/6276/4597/products/100001_300843640_061_1_800x.jpg?v=1602867938,Nuon Rust Tyler Paperbag Cargo Pants,https://www.westside.com/collections/woman-western-wear-new-in/products/nuon-rust-tyler-paperbag-cargo-pants-300843640
1602867926,https://cdn.shopify.com/s/files/1/0266/6276/4597/products/100001_300843639_071_1_800x.jpg?v=1602867926,Nuon Pink Tyler Paperbag Cargo Pants,https://www.westside.com/collections/woman-western-wear-new-in/products/nuon-pink-tyler-paperbag-cargo-pants-300843639
1602867889,https://cdn.shopify.com/s/files/1/0266/6276/4597/products/100001_300843574_068_1_800x.jpg?v=1602867889,Gia Curve Navy Striped Peirce Palazzos,https://www.westside.com/collections/woman-western-wear-new-in/products/gia-curve-navy-striped-peirce-palazzos-300843574
1602761338,https://cdn.shopify.com/s/files/1/0266/6276/4597/products/100001_300844147_068_1_800x.jpg?v=1602761338,LOV Navy Paperbag Trousers,https://www.westside.com/collections/woman-western-wear-new-in/products/lov-navy-paperbag-trousers-300844147
1602761324,https://cdn.shopify.com/s/files/1/0266/6276/4597/products/100001_300844146_065_1_800x.jpg?v=1602761324,LOV Khaki Tie-Up Pattern Paperbag Trousers,https://www.westside.com/collections/woman-western-wear-new-in/products/lov-khaki-tie-up-pattern-paperbag-trousers-300844146
1602761310,https://cdn.shopify.com/s/files/1/0266/6276/4597/products/100001_300844145_001_1_800x.jpg?v=1602761310,LOV Green Paperbag Trousers,https://www.westside.com/collections/woman-western-wear-new-in/products/lov-green-paperbag-trousers-300844145
1602761294,https://cdn.shopify.com/s/files/1/0266/6276/4597/products/100001_300844144_002_1_800x.jpg?v=1602761294,LOV Navy Paperbag Trousers,https://www.westside.com/collections/woman-western-wear-new-in/products/lov-navy-paperbag-trousers-300844144
1603293919,https://cdn.shopify.com/s/files/1/0266/6276/4597/products/100001_300842235_069_1_800x.jpg?v=1603293919,Nuon Olive Denim Paperbag Pants With Belt,https://www.westside.com/collections/woman-western-wear-new-in/products/nuon-olive-denim-paperbag-pants-with-belt-300842235
1615201160,https://cdn.shopify.com/s/files/1/0266/6276/4597/products/100001_300838348_002_2_b8d4f3a1-e9eb-463a-a5a2-2817e847ce50_800x.jpg?v=1615201160,Wardrobe Black Houndstooth Megan Crop Trousers,https://www.westside.com/collections/woman-western-wear-new-in/products/wardrobe-black-houndstooth-megan-crop-trousers-300838348
1603553818,https://cdn.shopify.com/s/files/1/0266/6276/4597/products/100001_300830551_064_1_56737822-7d43-433e-828e-cb329d559193_800x.jpg?v=1603553818,Wardrobe Grey Checked Megan Trousers,https://www.westside.com/collections/woman-western-wear-new-in/products/wardrobe-grey-checked-megan-trousers-300830551
1599578707,https://cdn.shopify.com/s/files/1/0266/6276/4597/products/100001_300834154_039_1_800x.jpg?v=1599578707,Sassy Soda Curves Light Grey Denim Pinafore,https://www.westside.com/collections/woman-western-wear-new-in/products/sassy-soda-curves-light-grey-denim-pinafore-300834154
1597752913,https://cdn.shopify.com/s/files/1/0266/6276/4597/products/100001_300834604_060_1_800x.jpg?v=1597752913,Nuon Blue Denim High-Waist Culottes,https://www.westside.com/collections/woman-western-wear-new-in/products/nuon-blue-denim-high-waist-culottes-300834604
